Value,N,P,K,temperature,humidity,ph,rainfall,label
0,22,46,54,23.466687234238158,58.25142519665624,13.076890833319684,108.48175407925837,Banana
0,0,0,0,23.68164076474355,65.6465818571042,7.207770142865486,84.97623193771747,Banana
0,36,69,35,54.38545124077449,40.76138021310935,6.317565675579011,95.54913287497668,Banana
0,30,92,54,20.604270891231597,52.5650351610778,5.526448605803715,1.0730798917706657,Banana
0,64,79,37,-9.19226144988806,48.79918345051013,6.908412122289787,68.14527534507451,Banana
0,34,42,86,24.648724438110143,50.99703870893393,12.444849554066671,60.01780356589753,Banana
0,73,52,28,25.977900014545195,6.27222555775781,6.488664812296119,77.38101610698182,Banana
0,26,73,77,21.68275947050629,79.08699280814676,11.608777554247267,125.68582943199976,Banana
0,57,73,67,22.66784775649315,59.51421910144882,11.906984601355115,152.88067479091285,Banana
0,40,40,55,24.96807690859986,77.9779100036015,7.4499255556352,4.082524937854072,Banana
0,43,97,56,23.028168728219466,45.94449174698769,2.745154343264491,141.31758353456763,Banana
0,70,99,74,-6.539172090358267,54.56417158273217,5.572532984425935,55.740858802324425,Banana
0,75,34,96,58.17800470485962,68.1860300827036,6.995114887319234,90.03789724508133,Banana
0,47,81,78,21.977118519675667,71.93707440460358,9.8347589548587,72.99172652537621,Banana
0,21,22,22,-8.823597688984243,77.53765617593805,7.197198528622106,147.4031331952475,Banana
0,26,63,62,24.897499903710514,3.233551031469939,6.721860786330117,158.03483551285734,Banana
0,0,0,0,22.187391683016816,48.45710410136862,5.624680126033487,180.37125480320594,Banana
0,55,21,22,51.758872391668554,60.593043347774795,7.141807697908617,145.96601682058477,Banana
0,71,50,79,23.50005105806149,67.78603755465836,6.521567133613498,3.309932823059494,Banana
0,77,21,66,59.53976976049053,47.4904461838651,6.62038167215539,120.27109400778973,Banana
0,72,92,48,-4.985976192653067,40.603523535137896,7.057167716350377,98.98549947602905,Banana
0,28,31,89,4.854776550350675,44.75933312762052,5.9903879885808236,184.67128665359945,Banana
0,24,35,28,-4.607169879526335,58.97203917416708,6.081945190737109,181.35986403813888,Banana
0,37,33,21,26.572402649426422,59.54551581111306,6.718401652867503,0.8808961250467734,Banana
0,79,37,73,20.127918923370288,49.71724125634092,12.936411876157866,156.14263914027052,Banana
0,73,81,92,28.957695414883432,41.601796110707795,2.762263394933271,92.35894202109283,Banana
0,70,56,63,50.80239598996945,54.27549313205873,7.284440522977433,190.8164238166408,Banana
0,46,97,29,3.6418786318687584,54.486130880265804,6.208593881227453,50.29873629240959,Banana
0,68,97,60,51.66107906698408,53.99498580443002,5.628059554571234,87.68149997270785,Banana
0,24,20,81,57.82490742103034,54.767839807370784,7.397332522854471,182.0929314654866,Banana
0,72,44,73,50.88323629372143,61.759293755506214,7.134695030989529,136.2779912688054,Banana
0,68,77,96,22.05355932999309,8.495710469145553,7.005343802169563,195.49434453261014,Banana
0,35,24,88,1.3512564542866077,40.57008798003515,6.655485622300105,176.7558226779874,Banana
0,89,40,21,26.97757494604693,78.07306615761661,11.72080467459313,108.08646816068745,Banana
0,53,79,76,53.21053714458897,69.3626471468994,7.203541147206032,99.81327675329521,Banana
0,0,0,0,28.267131757698525,49.011841510835175,6.203808364254628,86.13825851647988,Banana
0,0,0,0,21.66251380522928,79.4062313076432,5.722831661886351,199.68132919376987,Banana
0,41,80,54,26.66448007790312,58.43303620498878,1.8907609091371183,72.52605300457006,Banana
0,54,70,72,27.91982688317897,49.73066880793555,0.5131301992503652,185.6315415746043,Banana
0,46,45,24,22.975186870471408,63.18617257753928,13.487997383155438,61.73287863435178,Banana
0,36,33,48,28.682560905482248,46.63187476026003,3.114101228285009,95.87216319634234,Banana
0,45,99,79,26.55886241646668,53.25987225665153,0.8309915936268417,132.55958964613185,Banana
0,67,55,69,20.682385782716587,2.7755156724169727,7.193903439841063,179.48247201742237,Banana
0,73,38,79,25.72357859683038,79.82666737815792,6.526790757125234,4.3026234034751445,Banana
0,33,37,36,58.32807865216978,63.1401020228963,7.021397958388791,65.99458510101869,Banana
0,0,0,0,21.337327277065672,44.87385456241552,5.6518164302017775,58.99751172427223,Banana
0,0,0,0,29.15973278592319,59.87572852355187,6.637615810713868,114.22889753467487,Banana
0,68,64,78,21.64096580730622,44.5797392442567,13.103218231997621,102.96718686471613,Banana
0,40,94,55,54.999189054683654,70.08552250045356,6.34209040574499,64.90383403462428,Banana
0,96,58,47,2.4847389155935478,55.01419926983641,5.512316515964888,188.4740208712717,Banana
0,83,86,45,20.49720063174354,48.40315857855508,7.091449209331221,0.9399605987451148,Beans
0,70,85,62,22.666097480860415,8.57939036006995,6.073159388355948,55.4155617308978,Beans
0,26,43,90,24.472037239747024,53.1162496661392,12.451152198033354,185.95218333068857,Beans
0,83,95,55,25.474771370884046,7.963185419421748,7.237911875702364,65.24996665743859,Beans
0,53,62,46,-8.608899530740562,49.72543466274571,7.037580781828578,183.52766219677181,Beans
0,27,80,76,26.423106768206036,46.46536955445295,2.6626155920315524,108.52002779920379,Beans
0,86,32,97,24.55078021132461,51.52794970792642,7.3596002850024265,3.6570294454454393,Beans
0,83,90,37,25.475829293690584,2.1214155332405094,5.9983556135743505,180.72935193526402,Beans
0,54,51,46,22.347293814461338,54.830745764849894,12.786412781211592,181.69965935234316,Beans
0,22,48,62,26.13569556023183,0.8835523141792667,5.844503066927011,102.40530770516186,Beans
0,26,47,90,25.98086214158339,55.06707593231719,5.552364324208559,0.9113006438919774,Beans
0,77,65,68,22.347607773184333,79.57211607672085,0.5390799815442908,73.95705561035786,Beans
0,21,20,90,-9.967096497499915,72.53644170433543,5.52050989624176,165.6746463342228,Beans
0,48,66,89,29.117335145475472,65.42818797856799,13.392850426978839,74.66319965710503,Beans
0,24,68,47,-8.67878055822719,48.18225968183393,6.28527186614952,107.33224430246848,Beans
0,96,33,20,27.055611324567742,46.60511299886686,6.7613508498012145,3.6344151590208247,Beans
0,53,32,57,53.394249129115835,53.55194860549352,6.1834004222755645,87.06783326717276,Beans
0,20,66,93,54.02010533620655,49.913172517416236,7.454960436165296,159.88517010982312,Beans
0,89,86,91,-9.36487128986151,65.62818470078079,5.759180954533456,102.90945600364657,Beans
0,0,0,0,27.90945716811595,74.72333394031537,6.928916114555295,171.98368757726632,Beans
0,0,0,0,23.602302632963973,78.79783204461572,6.0893310092807065,163.32536150003648,Beans
0,0,0,0,21.875555571270137,41.6507333257522,6.258935732537544,129.95785591680104,Beans
0,74,69,97,58.364678860196946,46.75992202767183,7.193701568619929,143.85350805021358,Beans
0,0,0,0,24.65129559588461,58.950484128444785,6.985055336980968,113.35789755199151,Beans
0,29,24,83,57.89015286402818,67.1295809815966,7.418469417592954,173.82837921269166,Beans
0,0,0,0,23.45494404458095,69.88966930043154,5.505463935726578,159.83709018837322,Beans
0,27,20,21,29.824825692457118,2.497450069196777,6.19473015088684,174.5584309230333,Beans
0,33,68,21,54.71569460399185,52.70509952397552,7.3856586237374255,189.07452082839575,Beans
0,86,49,87,23.206994992044756,41.761883988961294,13.828883079932288,72.34707215770224,Beans
0,79,21,79,21.94314895812363,51.24876064438122,6.802965775951259,3.648164998140931,Beans
0,57,75,49,24.563064156729272,1.4734521340861384,6.714439737567909,173.40786189691818,Beans
0,59,93,33,-3.806979173231346,78.64765395537091,6.604346916101239,165.15909335915586,Beans
0,61,53,81,21.684895977855824,57.72953249761192,6.999940361894197,3.938163933508741,Beans
0,42,67,30,23.548069532541675,69.91914182237387,13.819189721684754,51.73101340500847,Beans
0,61,99,95,23.350950186878404,6.438792735930528,5.938091148076831,60.95988354280397,Beans
0,89,67,94,20.058379603066307,75.06249522108979,10.61534159614321,153.86543125768378,Beans
0,55,23,47,59.99171556114703,47.54270881693835,5.801860104257318,105.96027789236142,Beans
0,95,65,89,25.50826549366132,58.2764930575783,10.974451287625236,68.74895330368068,Beans
0,97,35,94,20.767569645499638,44.06477878335052,12.439137008871203,156.193842794364,Beans
0,96,31,75,-2.4492593875693345,59.47056661778823,5.80916898153403,58.96337757448419,Beans
0,71,33,90,51.42235446103817,76.71763474265126,7.438806734474014,95.79145799410526,Beans
0,72,75,43,23.37424082276618,61.80575139670106,1.5554971160872602,176.48680882654457,Beans
0,0,0,0,26.037182574105085,75.04824825850594,6.60088727598381,63.005585884141986,Beans
0,58,35,53,29.757914261841915,55.21950637885381,13.222160318166168,59.4215483181535,Beans
0,44,70,70,24.771368452249952,48.36304789343608,2.430319411944993,170.4942290528462,Beans
0,27,84,77,20.715523319451094,67.30019151991473,2.971773783213872,145.7299351309015,Beans
0,96,36,60,25.16052043847829,65.84920060667532,0.5655986469204541,168.02059288028678,Beans
0,41,41,53,23.873517099810094,5.277538346639828,6.091946313572624,118.94103052485981,Beans
0,0,0,0,22.857737109502338,67.09333958212483,6.264363284019074,163.9533595078249,Beans
0,20,77,41,22.83665623595683,79.44238159206367,5.545774052118848,2.9402854326555996,Beans
0,48,68,71,28.688507055895563,51.47464605763652,3.443024682197241,80.85957879740721,Muskmelon
0,97,28,53,29.315660657847527,40.331111590782136,6.09638992002678,2.7446414640852823,Muskmelon
0,59,34,37,25.20583636943232,54.21142838254061,12.790042707862249,80.75788864979137,Muskmelon
0,51,46,89,25.484351625931353,46.19721298531485,1.7971030066907074,82.32265026168173,Muskmelon
0,70,79,48,4.083434905381001,75.22835879459896,6.868458063534014,114.97525085216986,Muskmelon
0,96,53,27,50.11405324362052,61.762240322445784,7.360504861895512,101.08466119490213,Muskmelon
0,0,0,0,21.57833921788893,58.407084426655416,6.770762875454627,127.82658235513267,Muskmelon
0,44,21,46,20.78122114445275,71.36205188415742,11.834822061970346,53.44632048468415,Muskmelon
0,0,0,0,28.215583731618025,72.23636038900713,7.129008062662477,143.03833359862654,Muskmelon
0,82,70,39,20.09029220184249,62.7327058056562,7.118375272005572,4.584474837817391,Muskmelon
0,87,96,42,29.43995746272398,41.66198089440138,6.963247382614118,1.9750301357419668,Muskmelon
0,0,0,0,21.834337879409993,53.13522334043675,6.141877603762225,55.55211473747231,Muskmelon
0,36,71,31,-8.719445184346807,41.2020087500952,6.828121658374564,173.680031840304,Muskmelon
0,77,84,98,-8.15718111443645,71.05636128279465,7.160691416278025,107.66632632373381,Muskmelon
0,93,73,80,-5.665713289200404,77.7865658829456,6.065820102486547,123.52531800104326,Muskmelon
0,27,28,87,52.10293221496307,76.06485815889856,6.918532291811783,59.16978812532946,Muskmelon
0,89,25,98,29.85870894250018,6.763868443824075,6.827949834672603,94.38266188828858,Muskmelon
0,72,83,80,-1.4339669238429664,68.80173261578773,5.766905029645152,169.10938414745868,Muskmelon
0,62,34,85,28.380273937256092,77.12007653757178,7.191143702071747,4.834948176970281,Muskmelon
0,40,73,88,20.955829020485346,57.708540349334214,9.765942980020183,135.96188242131694,Muskmelon
0,0,0,0,26.659132941226158,66.06411770305886,5.67120233350936,148.16539789042804,Muskmelon
0,69,77,84,21.357037793302645,53.51289743871074,11.72517555385728,98.1068945992721,Muskmelon
0,50,63,76,20.023440531657663,60.363687494476125,11.94157221616921,198.298371813618,Muskmelon
0,25,87,84,-1.444240742141666,67.69872949320992,6.920776446896075,92.73997365776314,Muskmelon
0,0,0,0,28.989059700648763,43.69315385888002,6.008429963173434,69.25877007679846,Muskmelon
0,0,0,0,20.71473974132947,42.441303123359795,6.508821658857684,187.20590267077216,Muskmelon
0,58,73,43,24.226398189781253,66.88411359327037,12.178206955339185,111.15678413107224,Muskmelon
0,74,55,94,58.5610401345983,66.56099056365102,6.916077795087412,122.9986079811849,Muskmelon
0,58,24,82,27.156303852076924,79.71559619537217,9.760408868193235,146.57750230243775,Muskmelon
0,0,0,0,25.263497985236768,49.85889009360321,7.415000591908563,51.939500890030466,Muskmelon
0,31,63,33,58.10236678348349,58.708505596407036,6.628014021301685,123.00803915428888,Muskmelon
0,80,30,45,-6.6605839913101414,48.41948727920799,7.306539012091091,130.45808972331565,Muskmelon
0,58,78,97,-9.968490914831708,48.12903016301403,5.723413561396244,90.2709686854716,Muskmelon
0,43,31,22,57.123505304968766,60.44238986102816,6.548097984859794,115.76861998178828,Muskmelon
0,65,61,62,23.18017709023293,45.351033604220746,13.747951090110533,69.44453398625022,Muskmelon
0,32,53,51,25.32679105464409,50.648693433850696,10.860253579987623,85.35691351825761,Muskmelon
0,83,30,29,29.080478299979976,60.65907792028024,2.346638289473661,94.27928930116991,Muskmelon
0,0,0,0,27.459473942452227,43.646934681401206,6.332193235580971,108.13921826698265,Muskmelon
0,0,0,0,29.047233773856895,45.19830302084632,6.985710642411606,73.37737431647668,Muskmelon
0,0,0,0,24.150718137733875,78.81367277576587,7.3030635940973525,174.19207259736112,Muskmelon
0,42,36,34,26.58835942629271,73.36504195775011,6.311332304755069,4.046190160223878,Muskmelon
0,44,69,50,50.80470887172404,68.04855926346066,6.1762660407695416,107.78850712582837,Muskmelon
0,78,40,66,29.61444361268385,47.241187260886846,10.698130146546854,94.10917554431256,Muskmelon
0,33,95,35,1.008199493640559,55.51269962086582,6.956210430112582,160.69049871011163,Muskmelon
0,22,30,38,54.44225455736864,65.7963491612289,6.25559333757197,61.71385756013433,Muskmelon
0,82,61,85,27.928735086711622,43.84823471521117,11.425938918495554,164.6784332651825,Muskmelon
0,69,65,70,22.802472653829874,78.6441603856483,6.974055286441425,4.895497128680757,Muskmelon
0,36,57,48,4.682232264711825,73.68858271419163,6.916948228247668,176.00423663656647,Muskmelon
0,39,22,87,54.576143300017385,56.886657003870646,7.096570468096466,117.81639606567494,Muskmelon
0,84,57,60,26.487398497940262,46.40698529543367,11.317865551607689,108.3598009208078,Muskmelon
0,73,49,48,54.105879493629494,56.8523420576358,7.092223384755255,75.90676907692867,Chickpea
0,89,68,53,28.249060781613046,78.11743362134393,12.085461663904981,143.58548281863858,Chickpea
0,46,82,31,25.20249042624281,64.37027983425106,13.044798880257813,163.19568997392085,Chickpea
0,0,0,0,28.64370414623811,49.77624260221554,7.4440788502359485,81.91598075477941,Chickpea
0,31,83,35,22.032136260039593,0.5900134082700514,6.212629101556388,59.10267340522153,Chickpea
0,75,75,31,22.395023025152852,68.45318053222994,6.222954328834302,0.3539615595310258,Chickpea
0,84,23,65,25.089614687616574,49.917715153071015,6.819629153410753,4.996480885332515,Chickpea
0,43,53,54,54.05511260531128,57.39199210171674,6.063235246965269,144.48866365071478,Chickpea
0,46,72,36,21.98297433773022,60.53726312884263,11.586146761984075,133.63910223357226,Chickpea
0,0,0,0,27.962444587044708,51.37488607480917,5.700674984318273,141.32749624178064,Chickpea
0,0,0,0,27.433282092696757,75.38648865067145,6.341708505226303,110.12156372553835,Chickpea
0,80,93,77,-0.6794418306422703,68.65554581616402,7.054129237331587,134.49609010210114,Chickpea
0,92,85,37,22.00600433186706,55.45696820062086,6.314867612358092,1.9952211892889449,Chickpea
0,56,56,71,58.77403953463826,67.24230535718303,7.473694612829184,179.66831301371838,Chickpea
0,51,42,23,28.822935512473542,2.567819250647201,6.815605790344753,152.44305470493305,Chickpea
0,37,94,32,23.469779075676637,54.90530168034217,2.3087867961814412,93.38840591818638,Chickpea
0,0,0,0,29.35457270604632,61.153947036335595,5.592234301963569,118.31385412017342,Chickpea
0,74,71,87,-2.524602031529989,47.233497196801,5.938514715407177,166.8547986076722,Chickpea
0,32,23,45,21.021376501598287,40.790472375487866,5.94919355841447,1.3762296719213891,Chickpea
0,85,70,62,25.77232305763854,43.55288828370262,7.477534530438807,4.545323930553384,Chickpea
0,58,64,86,22.703869566348985,69.59509480075788,12.26414059501979,51.34429171733325,Chickpea
0,0,0,0,21.150618267689484,56.331938981863814,7.396596740228626,173.1111943720417,Chickpea
0,43,67,65,28.490935483870594,64.02796135815373,10.697437725527028,110.01335738025602,Chickpea
0,82,55,41,58.08039230843531,50.89838560114168,6.3608341943904225,125.47776157413861,Chickpea
0,72,98,57,27.82214715933772,67.40679737751506,11.59713229377341,161.2342422392715,Chickpea
0,22,22,43,24.2442905204368,0.37096722572976915,7.3492716305895165,128.29096462740685,Chickpea
0,0,0,0,24.47341582825456,57.08144324516809,5.913364689569326,105.22204067623977,Chickpea
0,99,41,26,26.725672985739255,63.06291716109551,11.591298847074276,144.9962109378548,Chickpea
0,73,68,89,26.767655754890022,55.1194551476555,5.841204938368222,0.08192039647784977,Chickpea
0,72,52,48,22.59770703893564,76.12904214035788,5.985228736236657,0.5623695612278473,Chickpea
0,0,0,0,29.247033594121135,70.58108170406364,6.978800568414722,70.71693169721996,Chickpea
0,0,0,0,28.178583720081825,67.84065300178614,6.540458274454726,147.8529821083381,Chickpea
0,40,99,30,-4.829872099942946,59.83234466425813,5.967647755028191,117.74234029352671,Chickpea
0,39,55,71,4.586006743025406,56.50062435767444,6.796710698651989,60.7682387662917,Chickpea
0,62,83,42,28.698138651906284,6.271503629577099,7.192805704148893,86.4879583567158,Chickpea
0,34,77,59,20.295858886081238,64.18271147615265,1.5735179585043992,72.95465925479417,Chickpea
0,28,35,76,21.849118875480126,52.64573536628981,7.3300797080078315,1.8710339705499135,Chickpea
0,56,26,79,29.784301781686008,1.7490908239276026,7.289153204584302,146.02604302931888,Chickpea
0,99,24,54,24.04107298920959,78.65478089991274,0.8546174642965023,139.44944017223503,Chickpea
0,77,54,54,56.88189378354935,57.09897600391258,6.6333443401570795,93.67697903987111,Chickpea
0,62,60,66,-9.785895547236867,62.10803785157559,7.354916677252584,125.99644365196167,Chickpea
0,76,97,42,24.47346041323386,41.76445091552719,6.483843009589581,1.94006335875898,Chickpea
0,85,76,37,-9.724592171057248,75.38911352468267,7.211514288098406,78.01010684444155,Chickpea
0,31,80,90,-7.167206625748602,73.50791112716186,6.654786090003801,108.9387276531419,Chickpea
0,61,48,32,-2.527166180384514,62.80817679306436,7.457914600168347,80.17654562716986,Chickpea
0,66,41,73,54.656390160146685,55.064406373227534,6.84456349331059,150.14551036395267,Chickpea
0,90,51,55,52.88853330446679,63.26824701737117,5.570749663727034,54.90670879173938,Chickpea
0,77,58,26,21.59772852926539,44.38504675554129,10.355373468269233,126.32755373929234,Chickpea
0,60,74,30,20.30308750112434,48.73947926843527,0.8316540538117725,181.22540660446265,Chickpea
0,94,74,70,25.185801152759907,58.21031863827108,5.670532089464852,1.8961396845394185,Chickpea
0,80,97,34,-6.6041545223844125,58.63820372068499,5.912486427170482,149.96718581069865,Coconut
0,0,0,0,29.876581701071963,60.59215426827678,6.31331023688732,131.68401339071625,Coconut
0,33,97,21,22.728200016294164,48.18575148067636,1.7946850673078676,90.23895694846618,Coconut
0,45,99,61,22.586746954922976,9.20708151976134,5.812174376711882,184.84843256064647,Coconut
0,90,79,61,50.415996031580896,67.63961860691208,6.417972121851379,153.23488000262552,Coconut
0,84,86,38,22.075178384540717,46.85913895106311,3.493002655731067,115.64122389852676,Coconut
0,55,54,22,-9.535348088877749,77.64613021455477,7.3702006117784125,110.85740177014387,Coconut
0,42,90,55,26.208182081154774,2.8342497400184574,6.1887544159044925,193.04897527958022,Coconut
0,60,88,20,20.60341639460664,2.378227047272169,7.22948799821226,152.71276531377197,Coconut
0,76,84,53,28.74736558171712,71.73691890562839,11.31773959785665,101.40238895558849,Coconut
0,75,89,48,28.681497869937736,68.29921139468536,6.388496072694844,1.8636610230843194,Coconut
0,93,38,55,21.357751720498385,50.3016049500162,1.4861765848258885,86.3831466076521,Coconut
0,87,88,29,-9.497811101383588,56.35426109430583,7.257674417223972,82.45399624141834,Coconut
0,38,38,49,57.24318013584405,62.520513051140036,5.628174320550075,51.74285608507378,Coconut
0,63,44,35,23.821716016503164,76.02389660105361,13.796859539338469,157.4211602124226,Coconut
0,0,0,0,21.864494031558873,54.23483117647406,5.921038387215663,50.968799500422826,Coconut
0,70,39,53,21.44678517896926,61.59176022487557,6.092048241482991,3.0837738069422316,Coconut
0,85,76,64,26.804512914631047,6.872711240561346,6.393322624437069,136.75178515610466,Coconut
0,70,65,20,29.69372927219142,44.37488804059191,0.7981808708391,93.49050447024476,Coconut
0,78,62,42,-8.028170682199233,72.25145066360187,5.507667493853305,75.99286601199879,Coconut
0,99,49,71,26.923293952981957,54.963942122747795,9.63138596478068,83.01718534113853,Coconut
0,0,0,0,25.539216364189162,44.7047253931377,7.256338173946673,112.70409372950178,Coconut
0,52,77,34,26.828038047318714,78.97358082697161,10.008596849534165,105.18294942363445,Coconut
0,41,30,80,20.41620853302353,78.79170672520662,11.737168836443333,147.0785582802959,Coconut
0,72,59,78,-4.339593933227615,57.58608382409392,6.0344918160648415,140.24924973988624,Coconut
0,62,55,74,25.268483969374778,63.464671243808596,5.923343651322796,4.992911798225235,Coconut
0,36,79,72,22.6569415195986,52.88278475674218,7.1264113865225305,0.19374582039422217,Coconut
0,55,84,95,20.61566072413467,75.02218063102505,0.8650026689458526,192.01685294539774,Coconut
0,87,39,90,22.923305501830967,5.8439531979794115,7.286761587403096,172.15281351204575,Coconut
0,67,37,55,-5.160921605818054,44.19363713191511,6.475007379824251,112.99868580937157,Coconut
0,57,57,22,26.65216168262035,60.060069716654986,10.366327262786326,197.04906660995985,Coconut
0,64,41,73,21.570323081010116,51.58191712446343,1.4949182200482785,80.91204423506743,Coconut
0,34,84,55,21.328567103343055,45.58665492982937,5.611297640820023,0.4787266933546147,Coconut
0,91,84,90,27.995215184027963,8.040080897330547,6.4752690809389755,169.3745283829103,Coconut
0,89,40,77,28.91083582608071,1.4641915559576912,5.877987897449701,50.361827861770955,Coconut
0,41,41,64,52.4943489181174,57.04948081323529,6.557905970434513,194.86359166682826,Coconut
0,81,24,71,-3.218260601601772,43.48518199221735,6.333922410507979,179.78939771675115,Coconut
0,0,0,0,24.420072604138333,76.02780568705441,6.648951892034279,158.13268560381448,Coconut
0,39,24,91,50.38751770148689,51.78683755572418,5.833390477664734,100.20338589696507,Coconut
0,75,20,49,26.889078282846384,65.04377913691248,13.177261034747648,91.48165559382744,Coconut
0,76,58,87,23.361926454895766,8.138066577965827,6.588667246723541,98.65761383151303,Coconut
0,42,94,94,29.268476742693885,60.52022954735621,12.938952301950748,129.98906846028024,Coconut
0,36,33,29,27.2667951023244,64.84756416840249,6.314765620222953,4.364190306175918,Coconut
0,28,64,21,29.6339656085448,61.37703516754101,7.115108816537093,4.2933626821688335,Coconut
0,0,0,0,26.005215770888874,78.96972888247515,5.858348636835252,178.86401008655866,Coconut
0,53,36,39,23.82328918103934,59.51109485103243,6.621935577805633,0.06215898347198601,Coconut
0,66,90,88,23.238666644341183,79.09445238067426,2.0343842156891863,84.64183433339119,Coconut
0,95,76,40,56.76237275377987,58.14929433460612,6.099559901747941,191.94412924030797,Coconut
0,60,95,83,-2.661621112858123,50.77603331431013,6.092862680234289,131.86625430334328,Coconut
0,28,49,29,-3.986455023375272,41.263309766089364,6.266695292256831,60.75280138348951,Coconut
0,85,61,97,20.627267388901174,56.4699329937651,6.727901848624748,2.456271328557356,Coffee
0,25,73,86,56.105057658556774,79.03437914457571,7.474485131616438,134.3458627993224,Coffee
0,78,62,95,28.474829885288884,60.031323253848825,5.9438334189562045,4.821335563372681,Coffee
0,65,22,79,29.0054799247802,53.810952189248766,0.13938065672169797,163.75561466864866,Coffee
0,32,62,63,28.546522189478637,66.70138810690679,7.412605020913919,2.432828609943665,Coffee
0,87,71,76,21.15323272564819,76.88967031561359,5.944784033671517,3.258233818220597,Coffee
0,37,88,79,21.246495332583667,79.64252059504611,12.148501532466113,134.34322790259608,Coffee
0,0,0,0,21.076630204681177,54.52378676845053,6.465064964178539,102.05130716733791,Coffee
0,30,89,62,24.82414564155007,47.22689250518353,5.897828710387109,3.3903207764539713,Coffee
0,61,92,59,22.82763856621395,70.19283297949993,6.260913862054883,3.600180052330469,Coffee
0,36,62,26,21.913565993077746,71.78336848594842,11.306155952063174,182.94327300948103,Coffee
0,80,38,31,24.85792804100049,44.42796958531548,0.9473861709449907,74.1525246255882,Coffee
0,21,44,59,25.13586414668124,1.526470237939409,5.850000384151303,147.28807262212774,Coffee
0,56,44,45,23.797704891512797,40.23244377977585,11.145938115345572,82.54138414322502,Coffee
0,40,46,41,3.298724213981691,46.71232821919459,6.1491049663511665,161.3347154797717,Coffee
0,97,20,88,57.6165895957574,62.67857825966064,5.823218704427635,51.329800524330985,Coffee
0,93,34,42,26.448468140168472,55.780002808761736,6.999566701517744,3.771063916223895,Coffee
0,87,98,38,23.394568087316234,3.966818999671322,7.101120236205991,72.10717926311764,Coffee
0,38,52,27,28.79323972005571,1.8605866096191803,5.872262952113372,154.85964175521622,Coffee
0,0,0,0,27.81845704338076,69.77986086799116,5.746859101829274,123.48118547773352,Coffee
0,0,0,0,29.439860002852186,45.91054651061037,7.404356377559442,95.24179232170701,Coffee
0,25,93,81,21.536251758633775,69.64936664945051,11.333893987953683,157.84271149602472,Coffee
0,68,26,92,22.44769770198924,47.94168903281951,6.115232445561591,0.056325708254701956,Coffee
0,94,95,44,28.51034238504901,7.8850608589831195,6.15445511288954,103.54879210340962,Coffee
0,46,85,34,53.62667717580423,66.73760353438755,6.45985159064159,194.19944405199087,Coffee
0,0,0,0,27.458280394119917,46.465523867557515,5.763340808064581,60.18974821458008,Coffee
0,80,49,43,21.1215948591045,9.394622189341522,6.1745007115085615,87.07845752469095,Coffee
0,48,52,54,51.2229682594406,69.233827016026,6.557500154769251,87.88726252381855,Coffee
0,65,49,51,21.506910562828637,69.9467811459842,13.954012182440744,136.10133861250483,Coffee
0,37,33,75,-0.27578832658990393,45.598082888312035,5.750936334127796,124.02584590880124,Coffee
0,21,67,94,28.18585962307059,4.520501212984845,6.755683621524332,115.39289258401169,Coffee
0,22,27,43,56.2076777803444,68.19907426963282,7.1601579275316105,158.3107679754008,Coffee
0,48,47,35,53.08635252785405,57.57394173932377,6.854310480096996,184.11454830331255,Coffee
0,83,84,73,22.477308344054027,60.356967859719404,11.977217536419108,120.4344567574107,Coffee
0,0,0,0,25.507156529511192,65.83738872014607,6.703176517574865,111.75811500480668,Coffee
0,74,28,64,58.055450126636785,63.75601661303958,6.412194658585596,158.78846186290423,Coffee
0,55,64,72,24.232198909135143,73.13970033346243,0.7503327174864566,117.62678356480872,Coffee
0,58,74,64,27.344892435765715,3.16610592493922,6.996396454965226,127.33265746529935,Coffee
0,0,0,0,27.19570282368627,73.55287674612782,5.760522773677025,157.57498166040628,Coffee
0,76,58,80,28.54051844105009,1.8609679909201382,6.832666452672913,64.56057323539906,Coffee
0,48,90,91,4.983838244872468,66.15154391065279,5.793855599280862,84.05369064598332,Coffee
0,75,97,45,58.742022618719574,57.0288127118463,6.947650185842609,79.78009810637742,Coffee
0,64,51,64,28.762205997844838,6.775233606847464,6.9831707848422875,161.92581925531198,Coffee
0,0,0,0,27.362750336387265,69.36896524222844,5.77226873366542,167.04852000323808,Coffee
0,43,91,40,28.128154649877366,55.06759527831922,9.78108135229649,190.34689883489244,Coffee
0,39,94,54,20.134396784263338,71.54368827145878,13.468818776229329,60.531616312149694,Coffee
0,82,25,73,22.25150128925589,66.50027652013225,2.365046891345706,112.16365918136147,Coffee
0,22,39,94,22.086712132646557,7.063855418300862,6.239363759489651,183.15283416523602,Coffee
0,73,93,37,23.46122930479818,1.3194022797292349,6.833281577045273,82.58566216699955,Coffee
0,0,0,0,28.92136571073093,71.08454225018217,5.707599800863809,82.88419283710753,Coffee
0,25,95,57,24.27801556457681,40.80781188136899,10.999673119085719,93.61353082648054,Jute
0,24,54,80,28.086102586307113,2.9013654473057473,7.357276896975257,183.19987569678514,Jute
0,46,61,49,23.490680961122965,78.78865013949414,3.352592766704193,184.74659569336384,Jute
0,22,99,76,56.93893133374694,68.00529433704435,7.075557723481847,93.40594651950002,Jute
0,40,69,75,26.76754788448123,66.7561045017481,7.4323474249493,3.569906672321976,Jute
0,0,0,0,21.198346317541287,41.92995181502899,7.15936998040284,117.3234686099005,Jute
0,83,21,99,23.89495374657559,55.85520548981222,10.583402392001359,188.05127469760532,Jute
0,69,74,79,51.17784141754104,51.703593307094266,6.422622595893463,66.31012837810671,Jute
0,35,40,71,26.099701651317847,75.89439261216,7.410341747369083,3.82795135172068,Jute
0,61,87,59,20.93419017219072,7.804642597829892,7.160088500495995,170.42338738634885,Jute
0,99,41,72,27.773099178860093,43.00195427916095,12.262543684710302,151.23371924860567,Jute
0,75,67,77,-9.319305829343099,79.7127514754352,6.540660436216271,96.75506992715582,Jute
0,0,0,0,26.89859513252606,47.871479234849225,6.526245843816331,145.47371827237006,Jute
0,28,25,50,26.236394547895483,63.1996211631247,0.21871923746024358,67.23089770374881,Jute
0,40,94,76,21.202253537155602,70.00963836635452,13.775781317975603,52.187238057035486,Jute
0,97,73,44,50.28453937076603,60.48686763503807,5.891227231150992,136.90984189123773,Jute
0,67,94,72,29.14610044099468,77.96116078224736,7.1771500953363505,4.1417152209353105,Jute
0,49,44,93,-2.808878635552892,73.4415048180614,6.114233861351186,71.47709348649087,Jute
0,79,94,73,25.437112422390086,45.20170586847323,5.62322506351744,2.6636118369000394,Jute
0,68,32,36,23.4116357947024,0.6393952583549556,7.2031509901058755,110.89383180457871,Jute
0,56,69,48,29.20062894442116,64.58254436526568,0.9883862753861961,58.47223633972207,Jute
0,60,46,55,57.139253461800685,62.55060953505654,5.503780411812407,78.79810317088605,Jute
0,94,42,54,24.35070459259573,40.08968969622447,2.484663390222309,62.98516429596978,Jute
0,70,88,52,20.688662560260234,59.19440593231994,10.535153594821967,104.47012613123565,Jute
0,29,25,64,57.33953637051864,61.71852749986233,6.000977792789956,78.31801903177707,Jute
0,48,77,78,-6.924279210385161,71.1677687907887,7.409542112395215,145.48492266404216,Jute
0,66,27,84,2.877253463083239,62.834813152131325,6.708328546523972,190.16716147375536,Jute
0,40,85,53,-7.225027145739945,42.29369114402612,6.392125729392108,117.53921195686343,Jute
0,38,22,74,51.4275119966437,78.86152932929824,7.300126420703127,58.154832536732144,Jute
0,65,77,52,25.422627833332925,53.07750578543898,1.8826849388808844,192.79097596879834,Jute
0,76,61,58,53.9097307227236,49.610740749718474,6.825745409131802,107.68619505286671,Jute
0,79,37,21,59.52181800558725,58.31313042304702,6.525211594375794,192.78741670416034,Jute
0,49,75,60,26.39359737903004,71.58849504719657,1.7123295312649298,150.70951360837296,Jute
0,46,28,85,50.35392497264144,54.67606702035456,5.718856648304957,192.93919090754565,Jute
0,0,0,0,22.169357431499364,40.46231836594018,6.299694945144592,174.66420081856947,Jute
0,37,31,56,59.583375872320815,66.67588749417513,5.571132472267181,67.08443252522837,Jute
0,31,76,54,29.493420654354793,69.22893779603619,6.543968321677864,0.05201793563270163,Jute
0,22,75,89,29.433418923449487,64.59767000942563,2.412314972746629,80.50573129627897,Jute
0,0,0,0,28.97149598104361,46.44777544932949,6.24227020471731,61.1934750922841,Jute
0,77,49,58,0.691803220647218,65.47675513295574,6.518161172891175,69.33510650102087,Jute
0,58,20,29,0.050228639686098475,77.70261776953967,6.755074323771216,117.7050893218622,Jute
0,39,89,81,-7.861829102070241,64.95659534774259,7.363059511205733,87.64968779341123,Jute
0,67,56,85,22.24297961270445,72.29284349663777,3.087142281899025,198.4226524041463,Jute
0,0,0,0,22.659003233193552,76.82085791537321,7.283387126689138,66.31915272317443,Jute
0,0,0,0,26.328913502531428,42.33285347650081,5.727227467824048,130.46709323039795,Jute
0,95,80,77,-4.060126691907572,72.11693754851984,5.646171328833148,137.42980983800666,Jute
0,30,84,48,26.919881493926077,8.347089563801072,6.911856152768455,60.80615151056013,Jute
0,94,33,95,28.85450572576006,58.824074293217684,6.940687674911846,3.8998371658124897,Jute
0,56,88,48,29.00567703497719,60.41010921334836,2.072890319467813,177.6903116465377,Jute
0,75,40,64,20.66620201792267,54.00406245681175,2.9240465951882486,78.00240913642929,Jute
0,0,0,0,22.801759321825962,55.56909172673578,7.192008865248264,149.92664153685223,Lentil
0,22,61,71,56.34203324313222,77.88904379625032,6.099191626205444,113.81332301614003,Lentil
0,43,69,64,27.999182679381455,46.06384261413424,2.7912932228695917,55.707640000963124,Lentil
0,29,21,30,22.105691833997362,2.7356146739412415,6.212671434883987,81.20964916014688,Lentil
0,49,25,28,-2.794883027203424,51.027793530798036,6.224448389225623,149.5173222949403,Lentil
0,94,94,70,23.309550018696005,52.79864291031322,5.674797167942062,4.901097049994775,Lentil
0,95,68,98,22.47741031011027,4.646243559453094,7.423960792029174,60.88169345807825,Lentil
0,39,37,50,-6.039735302086937,74.72714339232101,6.141741575400301,184.6223958704694,Lentil
0,54,75,92,25.39260851425555,75.57730112149672,2.2883959115315275,127.67535978697589,Lentil
0,0,0,0,25.326440696114553,41.51832583804046,5.859356040490329,171.82848585020267,Lentil
0,0,0,0,29.461152882609326,70.51711850904313,6.137888513724071,66.274530077505,Lentil
0,23,68,57,20.27995196035822,70.33901626982441,3.355012269562082,86.53137999993169,Lentil
0,0,0,0,22.900353076669244,64.77400342664609,6.015583367838285,183.12474864420923,Lentil
0,77,43,65,2.90413946575471,43.27125147704773,7.178716956905559,135.84387764746702,Lentil
0,27,51,41,22.087236329505817,8.712734980540526,6.025975203759652,164.29783441342107,Lentil
0,43,63,62,20.995154751088993,0.3169412236319469,7.098680425689958,131.55617344592503,Lentil
0,43,40,75,0.781379302436223,77.04409883938072,6.411261728564642,78.74437998889235,Lentil
0,0,0,0,25.337430755275072,52.53601091685411,6.105868101302127,62.2893282368374,Lentil
0,0,0,0,20.581355614851013,60.546288153447136,7.483298901796007,65.45547745582567,Lentil
0,25,68,65,22.041622877832154,56.325710981624994,2.0520198746625176,90.16667602432886,Lentil
0,0,0,0,22.866871241005256,72.15437567732867,6.643981939027363,59.63807451151064,Lentil
0,0,0,0,20.681393967851886,48.19618165826457,6.662841852080479,55.46308849374377,Lentil
0,40,53,66,53.05711388985506,62.871144799955374,7.064174248827365,175.36278408949119,Lentil
0,74,41,34,27.79925487931549,44.19249319955698,1.2854222447710097,187.7391759564839,Lentil
0,0,0,0,27.477959589098035,60.50075460190179,6.34981882611345,180.3190711434107,Lentil
0,79,23,92,26.157347218514047,49.76079040085711,13.105311308233617,138.9952842748429,Lentil
0,74,22,87,26.93863449756423,44.5162622539902,12.84768754201004,140.0623723921608,Lentil
0,0,0,0,23.290772304594064,61.53798634927968,7.4196163458817415,150.0146203129479,Lentil
0,0,0,0,26.380436422804582,79.18573264085072,5.745370693555543,58.99594659398166,Lentil
0,87,90,45,22.55547608457334,44.18472075601638,10.96227157535343,102.41304719514832,Lentil
0,30,99,69,20.64109107470985,2.7469476080423147,6.0069240350805355,149.4793334190436,Lentil
0,55,82,34,21.641175484236516,53.22676353569475,10.697787562373376,79.90949105016314,Lentil
0,44,88,64,50.588838365552256,58.375234433935184,5.53893036870817,173.64597585153825,Lentil
0,44,36,45,27.33420289620895,8.606298150593263,5.996073840999816,84.24745003807399,Lentil
0,77,29,27,59.45893971469827,66.74141137992046,5.698385870391027,192.7824003666623,Lentil
0,78,49,38,20.754832787066423,42.572692990844516,3.4796966559045823,145.88591427739993,Lentil
0,49,59,25,23.538070671120366,77.46189366581174,6.4900434768457895,1.0986925248348651,Lentil
0,74,29,31,29.57442721107377,66.94073205474132,3.2785117332341724,73.00787927309798,Lentil
0,60,27,24,1.8589059891585524,47.73118012845348,7.286686050114049,179.39208990312142,Lentil
0,40,45,22,23.033797009813913,54.601947397336595,6.108709877858668,4.4525029650345935,Lentil
0,64,33,98,27.60990699604845,79.51803471315945,1.0322302497801874,110.03589256382325,Lentil
0,95,43,46,28.668170357433443,43.747834947761355,0.4787589660621289,194.47137798700336,Lentil
0,64,47,21,26.551987626122095,79.5065739469735,12.881535344168098,185.34968555603584,Lentil
0,0,0,0,23.06188651029198,63.04418052086904,6.917328624078363,167.92372711186843,Lentil
0,82,67,48,57.30302349908438,70.28043729022993,5.7767494832522255,144.56015007126084,Lentil
0,0,0,0,27.069055704032966,49.90964651730409,7.194108146530615,190.1123070203826,Lentil
0,75,81,27,25.94011189978961,50.16782416703687,6.134777673114929,3.2690515351193095,Lentil
0,0,0,0,27.469082220984134,53.30348618605602,5.582236777268114,86.06982563374132,Lentil
0,50,86,29,1.0998586471577685,47.23797856367551,7.311268732891414,142.73810418312627,Lentil
0,36,88,25,29.962639792702305,64.9805198267997,11.350826846967967,60.82082344039571,Lentil
0,0,0,0,24.68569845504129,70.8500690138589,6.339398837638995,151.44030906182482,Maize
0,36,33,78,-2.19062451978144,57.33081407842157,6.295767229534302,103.1249804385328,Maize
0,70,20,26,-3.46753103946297,74.61156753007154,6.797756320175037,153.95682024475516,Maize
0,0,0,0,24.33982079950393,59.29480839817876,6.213817811792962,67.71873792439962,Maize
0,95,33,66,26.164061756486092,68.13334574642852,6.194769960492528,1.1772549008236028,Maize
0,66,97,81,25.856718780011075,3.119245352638255,7.419167115609871,185.88234190966665,Maize
0,57,39,78,27.39737947085375,6.225839257513836,5.80368685515746,186.59039598181596,Maize
0,74,70,58,25.469019728335574,71.41865176464736,6.495295795763443,1.2790090241047731,Maize
0,59,47,30,24.15634167315064,61.82006099275657,2.450331548978852,106.97963680109075,Maize
0,93,57,44,23.66050334060271,64.77051033732609,11.179751734329354,143.10063692662249,Maize
0,74,51,39,23.11549121940823,9.885021764887625,6.537463541428737,67.17111300843214,Maize
0,63,55,88,52.3502793734949,60.784193304742246,5.864180093433986,72.3993074566852,Maize
0,87,59,91,23.67434624967288,57.203305809743256,11.542955027629827,152.52585076736375,Maize
0,78,25,65,20.780337471740324,65.642112427819,10.995950962335327,60.77397652727594,Maize
0,59,71,47,26.755451135648766,0.6732342544478553,7.358028453696005,53.069642668800164,Maize
0,0,0,0,23.300203844139794,78.39403878968693,5.569690076025354,138.63576300601636,Maize
0,44,34,95,27.630916782210907,69.10763916258416,6.917028305054455,3.2445271541466973,Maize
0,72,52,77,0.4392075607594865,67.85452663754552,6.490643710545741,162.1878086548876,Maize
0,82,56,26,-8.761558929205869,58.53641581869887,6.174663349152047,72.92361870304278,Maize
0,59,23,43,21.906168328946357,67.22966654178643,10.97525334248898,199.0589688382038,Maize
0,27,61,51,57.9015459342778,65.87791672381941,5.8482890408114905,97.84809534775064,Maize
0,41,47,47,29.809280683656134,7.402326989023678,6.512236907759321,179.25930609955637,Maize
0,21,67,33,28.58069250605017,63.67179666326259,7.264154078137905,0.14301934709039232,Maize
0,45,69,23,24.145361505886992,64.95307628610453,7.498070684582213,1.5300683488838511,Maize
0,79,88,78,50.98223485436816,77.58685013570971,6.5677880295629,78.33560764834114,Maize
0,58,60,57,24.20485059614878,46.2086128719349,3.075295851957698,81.35202542598412,Maize
0,20,79,67,27.62058617904314,79.82235438583518,11.671795890608623,156.18772899092858,Maize
0,27,98,35,-5.979689613725155,63.37522349674809,6.808679841398328,99.20695258506937,Maize
0,76,32,86,21.221113663882623,50.62724900389624,5.781039611537752,0.9361434864480661,Maize
0,44,83,25,27.43577250182828,6.5112650620733845,6.63871150145172,123.08448794648011,Maize
0,68,30,83,29.98207844490635,48.65279314397359,7.4149793503068056,1.0421762852753775,Maize
0,94,78,95,26.303751774169918,2.1248200529662222,7.225218122321473,188.54589141035672,Maize
0,86,42,84,-8.43538372516101,52.75338267147066,5.85523434721792,83.25564282405705,Maize
0,0,0,0,21.994448426668818,47.85929455331999,5.7006818618705735,191.49100673687178,Maize
0,60,51,54,57.0119436665927,51.389142335992254,6.929902266650111,51.83809721881881,Maize
0,81,24,41,29.757915990111215,53.708855982504595,5.91538899913184,0.5634579196713096,Maize
0,26,74,36,29.58606733462316,63.559036212700015,6.777084303890666,1.6831643741876219,Maize
0,89,66,86,22.569594755646555,42.19435144412665,2.3041071857224584,145.52947731939798,Maize
0,42,23,65,25.190302382339542,6.409317517781413,5.951411820684493,141.0760167488068,Maize
0,35,82,26,28.318713160500153,62.07138400769484,1.8616214941059241,179.34522643130737,Maize
0,65,92,74,-2.4883889151706544,65.39037821832291,6.212580546930832,70.73170122790299,Maize
0,33,34,61,-1.6760181485886694,71.57259908145181,6.263485913864787,163.88461574190003,Maize
0,94,71,84,-9.816740263403656,70.79491587263266,6.272501275192549,171.47313910763563,Maize
0,99,41,71,28.840041521377593,57.64094906437201,11.832144745718873,160.74748896015444,Maize
0,40,88,47,27.255265917268403,50.8551740206299,10.26532360248416,92.51923723156128,Maize
0,58,40,39,-5.517634059308048,42.92706550331607,6.365897753164886,65.11923299557427,Maize
0,69,92,58,53.429481979280425,55.93644042272027,5.536423052391538,158.05902725532616,Maize
0,97,72,64,58.82732575714603,59.60027847392107,7.142405389164658,181.07156979885343,Maize
0,50,56,41,28.788258542539655,2.502423454547751,6.189685947500717,67.4498806375735,Maize
0,83,58,83,-0.8396415245927145,72.55627201081737,6.329189739112668,152.3361209769969,Maize
0,89,74,42,28.608824361061444,46.351862780668775,7.014931987668234,2.832272709582524,Mango
0,0,0,0,26.112994900790206,71.8205393382116,6.326817326169893,53.84032111444589,Mango
0,63,62,83,26.833605171138586,3.0758866248356043,6.442690661942289,103.53749618676375,Mango
0,83,44,68,20.199415839651767,46.87410184605811,3.101181101153467,78.75817609538558,Mango
0,0,0,0,22.167489094252314,61.79602096444437,6.744277746204398,87.56677862219564,Mango
0,59,60,29,50.102557605352935,47.28119508998051,6.199011079691619,174.9181705329314,Mango
0,0,0,0,25.209811576677417,63.729946212759586,6.583533638654449,50.38647267154312,Mango
0,61,56,48,22.981528681099107,8.072390265486034,7.228105622851571,92.75249552734344,Mango
0,79,94,91,58.51096802182715,44.91270651952833,6.7080166720281404,197.2354556170553,Mango
0,42,54,26,57.72012637042732,63.65950543394654,6.223932660502504,88.50127108395861,Mango
0,61,37,73,25.04500387248352,4.8386075495149985,7.024934912085924,179.2548516418089,Mango
0,55,38,37,25.492734720077173,79.9009364691442,6.248857893805108,2.5084218585752645,Mango
0,45,25,89,28.738800256721845,50.27137773142197,3.121762636955832,89.58428407252129,Mango
0,37,69,78,26.060267767289705,49.35887118401222,7.191831763884687,4.337731901642325,Mango
0,87,68,92,27.596350893900514,5.022369785839835,5.866598210389686,196.41460351104914,Mango
0,70,52,67,29.136159797886982,45.11642560982951,7.286689717760188,0.550528047437151,Mango
0,93,25,47,28.964232413502096,72.41084615616138,11.535071557477337,140.55954369993208,Mango
0,0,0,0,29.764454705708943,71.34701492354654,5.762985997294729,76.1236931908075,Mango
0,31,67,75,24.98107661058601,50.862540314191236,1.6859565254783684,168.4947638014682,Mango
0,68,69,52,28.086112914199262,7.512822002786608,6.360385518866291,167.52956351984238,Mango
0,0,0,0,25.895081470551204,43.36873832127516,5.791045709903449,64.16346342092584,Mango
0,61,28,37,28.815984690247507,62.19801518568218,0.6372653942375871,186.5270432914565,Mango
0,86,74,38,28.697687853349493,60.66539471070739,11.745843679009644,152.76721631644688,Mango
0,40,37,42,29.50180875610466,72.51442764781298,1.710403373876379,110.10573314306365,Mango
0,38,70,65,20.929667083730717,69.93375848371934,7.042406229245858,1.3728846515810667,Mango
0,66,59,65,22.062180253080395,47.50324890539364,1.490203401054361,74.84324444171486,Mango
0,35,40,64,29.28017837029302,52.06567322269403,6.4113013258754155,1.1709852376560659,Mango
0,99,61,49,20.07162764991035,43.39548720632472,0.15753760867590294,146.76468549931212,Mango
0,77,89,95,23.887306184928562,48.20077829921189,1.0816947665478072,136.94741352452724,Mango
0,28,68,58,20.03585687717916,76.1517723622722,2.4969103579398313,153.70366593425092,Mango
0,48,52,32,28.987296401403192,51.19330631424619,9.51375171148853,141.23140434119858,Mango
0,88,93,82,52.49505623480598,67.30961585525874,5.9157037341338246,170.8753334038571,Mango
0,27,80,74,57.87619834900027,55.89380528555125,5.651927889752136,161.02542914838023,Mango
0,63,40,96,22.99978881294445,56.41867764061449,6.073058719240333,0.0874982501999233,Mango
0,60,71,35,56.32369107533761,59.461997685554024,6.292697076364724,134.0813314279949,Mango
0,85,61,39,22.76305280611046,41.49974272596583,10.995813888904603,182.35276235485173,Mango
0,0,0,0,23.436220598276325,74.794633220827,5.659775460325641,197.44328530526997,Mango
0,79,53,59,-0.41366174170792824,78.83090522771701,6.0648136483308,142.73232507969624,Mango
0,54,40,49,0.5823325337425533,59.902036188606594,6.41536819963825,94.21054298261666,Mango
0,43,59,98,20.614151705632363,77.68431575359162,6.123709084494702,3.6962099566119773,Mango
0,22,38,46,24.346640477332553,0.43680749590178203,6.501668814965548,106.57476774156814,Mango
0,83,76,96,29.977090502549792,9.801604196490159,5.760767380160164,185.67970156514735,Mango
0,33,37,51,25.77406717402119,6.38450491938266,6.974726620202159,114.08219536687432,Mango
0,28,91,43,56.996865233672146,73.1616660550725,6.689361131988023,134.41292319437633,Mango
0,0,0,0,21.465249646776165,55.975475401587424,5.844604383152851,193.1706462251738,Mango
0,56,23,51,25.594728184497395,3.6055293805795143,6.87670311937904,56.18898294645898,Mango
0,55,95,79,24.006931080509407,2.8067676164076727,7.105681426679637,125.83007260773107,Mango
0,55,42,79,25.708102101242055,49.23697580279347,12.351819536339981,100.73277495918873,Mango
0,83,28,91,21.17334118397207,7.8829792120695235,5.736038809728219,193.59754760751918,Mango
0,83,86,71,56.684128892621885,67.79907232802086,6.648579875341432,184.16330305136177,Mango
0,81,98,23,29.529065550084262,75.6400568617509,11.515012228725787,86.01571374353523,Orange
0,32,96,63,20.229644632258903,59.476851623201746,12.337881247214597,185.051691164536,Orange
0,43,46,34,26.864643212985673,63.554279419816865,12.907926173450665,79.89036316964749,Orange
0,53,51,28,29.240835757442355,68.43170524579801,2.9787444271011534,187.53373472945552,Orange
0,85,39,47,28.70998838204287,62.8266304833537,2.9562409179490277,117.38631792029149,Orange
0,0,0,0,27.828703475615434,77.57592628944113,6.559601201529033,96.5358777341219,Orange
0,96,93,25,27.888961920100975,69.35448626552675,7.354564998367831,0.04829324441969596,Orange
0,93,80,93,26.715287478151257,4.425766903237935,6.371334892606833,171.21931763574935,Orange
0,26,82,54,29.23635959481146,67.92877804954861,0.9210158885322117,189.4576826253999,Orange
0,54,34,28,21.307150217468028,60.22157516639703,13.06403633963361,72.08869096879991,Orange
0,40,92,52,24.41035165209551,77.70747911532867,7.208161975859628,3.3000674999031694,Orange
0,48,90,55,26.63751986180974,50.20232695000096,7.471807061644302,2.8526890878677245,Orange
0,94,63,62,52.08056345044642,75.96247488202381,7.230188179312748,76.75641057754066,Orange
0,46,39,87,22.409008813076433,7.7766875424287605,6.038909232685652,195.26758330851013,Orange
0,71,29,93,23.065794654769274,47.569423803781916,10.239058337555623,171.84906767451392,Orange
0,92,40,51,24.11499532982355,71.02841675736185,1.7856681699500818,186.85185862367746,Orange
0,91,60,50,58.581981951397026,55.92776703776984,5.586992785825157,93.16573306208468,Orange
0,0,0,0,22.29155025578809,51.47430596039849,6.1595740081992565,118.78428077147161,Orange
0,91,45,57,24.88272835306018,0.47548443489002556,6.84028926744797,99.23245325540505,Orange
0,0,0,0,22.55719584369259,72.5489636970536,6.0610130738048555,178.8927742867846,Orange
0,0,0,0,21.433109628284654,42.54480877409399,6.856843384350466,69.59397176636618,Orange
0,89,90,29,58.12574089045658,57.17724050150838,5.601023540103473,100.75329375165731,Orange
0,42,59,43,20.341138453116862,9.469100680680143,6.408790906146397,142.93558285728193,Orange
0,84,49,74,20.856266324642156,47.63563293763333,6.284166701617042,0.6623022305524373,Orange
0,21,86,36,29.18359823645494,7.833973848685965,7.011612035214779,101.26170575909269,Orange
0,31,39,29,24.939882085711503,7.856179201892754,7.278326077788757,114.75080546068718,Orange
0,85,63,57,26.724702395503336,44.05846661137715,10.547547674600015,118.91258473674011,Orange
0,98,76,87,51.50522132068822,65.93231551289209,6.511210372322527,66.79109297200463,Orange
0,31,59,52,23.71756645194227,67.90304459685133,0.1943003315184495,188.27765024235734,Orange
0,25,36,29,23.457491696386548,52.1800815669258,6.614080866154349,1.7570734737953968,Orange
0,49,52,92,21.868163939600798,5.979413370415868,5.846668998696947,187.74607472748124,Orange
0,0,0,0,28.048714840767808,69.22501245711297,7.32223653475076,87.72789545152395,Orange
0,87,71,68,21.236580483905065,0.12687869858762912,6.204653908834469,51.25286663679528,Orange
0,53,65,39,28.97130902141837,1.6519935935780983,6.766589042130408,83.58938768483651,Orange
0,53,38,69,29.93133716841487,53.240750801218894,7.357662079365226,1.6272066572708548,Orange
0,48,80,44,26.486633333979096,64.33495326186033,5.627927361253622,2.115937706712552,Orange
0,23,45,24,-9.446153002867609,64.72166370697337,7.27675787562968,56.33031278010628,Orange
0,56,39,53,25.32122906403048,78.31314069399454,1.274404206976038,63.515549017639394,Orange
0,44,31,47,57.28009397766526,51.159838285335624,6.36075091278571,166.58076419843,Orange
0,89,22,71,59.73601338380768,55.7355062182623,6.656785775424296,118.58403518636332,Orange
0,0,0,0,20.881416234241545,65.03527191360425,6.0184718287256525,105.74215189098015,Orange
0,38,54,20,21.440114441415272,3.2372474365384885,5.544659413912957,102.05728658681247,Orange
0,92,58,25,29.11453260840434,61.79383453683276,0.041722927338409876,148.46199015643546,Orange
0,65,57,25,-4.313973233214684,66.15600249693529,7.275246111989129,190.18123767461842,Orange
0,44,53,29,4.734430838133111,78.0224728661139,6.8422152531571525,96.50500579598426,Orange
0,38,99,23,56.49828343961238,66.60769913547722,7.4469572428476205,186.03752928035686,Orange
0,38,73,27,26.698218606693008,75.52308134738587,11.983253508638919,88.47342798381595,Orange
0,87,77,63,28.849675653129736,60.55327932160751,7.232144764503674,3.525736583678852,Orange
0,91,61,32,-9.95850543006837,44.27324320662257,7.149082185889975,181.2626198488576,Orange
0,37,69,69,29.54456609095423,9.154084415622917,5.809474070282043,162.56957569279922,Orange
0,26,28,89,50.407859307501646,41.26528552925719,5.923160248962153,96.08944123499836,Papaya
0,59,64,85,1.8088959031404723,53.52640617361335,6.105845206135852,152.09723085777395,Papaya
0,0,0,0,26.742304234514904,62.830183786816974,6.957671456267441,178.8266412929503,Papaya
0,0,0,0,27.742394989428732,66.34746241913115,6.00590484048153,60.68125969453645,Papaya
0,93,20,71,25.575726985098996,5.445492115525944,7.098387226872447,77.35044195390765,Papaya
0,62,53,83,-0.8512111382144099,67.61028860120093,5.666419672845587,168.65283524555682,Papaya
0,40,62,26,-2.125494326148904,62.566000406356274,6.647776648226314,137.89466182029614,Papaya
0,99,66,23,-2.8516392409780718,55.10505157851692,7.071141580129143,151.54150299351437,Papaya
0,66,65,72,-6.033372083703401,75.32267014611813,6.944396789498587,55.84460169476346,Papaya
0,86,94,47,20.033769574346817,65.38916561619341,12.7449928446395,130.09032576491148,Papaya
0,81,20,63,58.83605408775922,65.6368105647712,7.4104263794147425,184.96205859663658,Papaya
0,20,93,28,23.317728477727215,71.5901486431097,6.704025577822055,0.195066801116639,Papaya
0,0,0,0,27.69426200774761,41.790017590925046,6.806273377404991,175.78650194415553,Papaya
0,71,66,55,22.883129943289916,6.968600678994253,6.545810258514863,143.28742325986485,Papaya
0,26,68,85,21.605782710977856,9.260189427529225,5.683241992802575,160.87879597733655,Papaya
0,55,78,93,22.881838991657535,5.861289079040106,7.41510077680741,79.33035601044217,Papaya
0,0,0,0,24.689478666582698,75.889061505755,5.680857404999948,112.28598847664173,Papaya
0,49,38,77,56.716591396252156,67.9496372748132,7.205756186392598,130.31969096654984,Papaya
0,68,49,82,26.959119721880548,74.84893930996932,3.462800568517823,159.65091612723052,Papaya
0,28,68,29,20.651092428236492,40.960813190001524,12.566678557013066,57.406512404603404,Papaya
0,50,97,27,26.203548636076654,63.538646111060665,5.564297827852461,0.2205268765307511,Papaya
0,75,33,57,3.5991699204819536,78.46914705695671,6.868823883676601,129.2632343478438,Papaya
0,23,64,90,27.30339660803292,54.56086466062281,11.2753977152961,54.86646741000149,Papaya
0,67,40,51,-4.992954793940631,67.83119045719187,5.6381634852731315,56.88629805287648,Papaya
0,64,46,32,22.89667571000704,0.21409061963494347,7.142818574572541,194.80577175895328,Papaya
0,74,51,99,27.223439916229804,74.07938953470583,7.4172337603052085,1.1120795487806312,Papaya
0,69,63,23,25.805952333490826,78.93841678515392,10.005033771317633,55.891946165032245,Papaya
0,0,0,0,26.93721242813983,46.79425518443955,6.824972529374663,68.54693671783468,Papaya
0,26,69,87,58.3015802763123,71.45745081632126,6.227386505246515,194.22815469207245,Papaya
0,71,69,60,-2.319905484132044,47.24226605988042,7.150717515987377,144.90100414100056,Papaya
0,0,0,0,22.578586467711165,68.46698341745807,6.487462785062137,97.20449085499473,Papaya
0,65,57,91,-7.434484363274621,74.7435612474211,6.633153505177516,194.48251859380704,Papaya
0,35,20,31,51.37148708253137,78.47119231848166,6.264300741203622,144.88875703308344,Papaya
0,76,36,83,24.874603130354462,79.89325335121768,3.460544067905899,81.29110749568694,Papaya
0,58,42,92,27.201609193632528,54.64374645062141,7.1614559637033945,0.18277155738580464,Papaya
0,30,25,32,2.1509516960184936,73.8283943448969,5.9784564750586044,163.08759735917107,Papaya
0,67,58,43,23.759803901776863,72.1488648260304,0.5710301065984755,187.6296620195981,Papaya
0,42,79,49,50.8703328573691,55.15929478066869,5.834811404418243,188.49764304975952,Papaya
0,49,51,89,20.47251847269672,51.4158643060006,10.950340508064302,81.72404969430896,Papaya
0,85,60,59,21.12616896121629,48.51415292412477,9.687360609198102,171.0861386680142,Papaya
0,79,66,75,27.084776024359655,47.74038057854992,2.5635829290370697,58.12811266440047,Papaya
0,46,50,57,26.580152017070887,69.08007950163302,10.670710795168869,110.3229068098994,Papaya
0,29,56,52,24.974904539698628,54.44355411255265,0.86124343843775,161.82563772498435,Papaya
0,38,46,30,4.350160168968511,59.19374483161959,7.400141608592548,176.07315488788151,Papaya
0,65,44,46,24.95069443349393,6.865445400630205,7.0963753276886665,189.25451804437196,Papaya
0,26,61,97,28.332623459853593,41.308047405777,12.541318265990835,155.8392070269912,Papaya
0,59,45,41,-1.3773342504723889,64.94269327035288,6.8631726458158475,179.65413999029576,Papaya
0,28,46,87,27.75100356648503,8.792482353202729,7.198045391017408,83.51616459575507,Papaya
0,0,0,0,22.338906168544934,62.91217029601202,5.931256357126818,87.4299348909811,Papaya
0,78,94,80,23.058642912643606,44.257794349707865,13.336959777423274,139.2540984432735,Papaya
0,0,0,0,23.668275639734077,68.19439892507957,5.687167032228191,125.94821453903832,Pigeonpeas
0,55,53,63,28.27324040707125,66.57067844672056,7.024936442908616,2.4325161014727605,Pigeonpeas
0,55,50,79,59.986678538917346,78.13545102458636,6.415364212054557,125.96530871051473,Pigeonpeas
0,0,0,0,23.99555837059733,71.52209752834524,6.446198706327504,140.0830252081473,Pigeonpeas
0,41,82,40,52.02891048916297,51.83891910149859,7.494563970850243,113.875423941797,Pigeonpeas
0,28,86,47,24.126776209137475,58.2271386487572,10.052772318835828,84.28891818915743,Pigeonpeas
0,78,78,93,24.166497831621324,44.11118994719557,3.319290216633777,125.46712484682593,Pigeonpeas
0,82,58,76,26.917077289562513,73.23219264050292,6.1674056243040924,4.752973408900628,Pigeonpeas
0,0,0,0,21.83889229721192,53.590317853510854,5.6960159621165705,172.05457172973618,Pigeonpeas
0,0,0,0,28.45294607485245,62.53104248688062,6.849214765034575,53.50649177329914,Pigeonpeas
0,94,75,99,29.319040983391076,2.8077912144331485,5.867718474145095,97.68523794099775,Pigeonpeas
0,49,51,97,52.38264777167605,78.33032496485977,6.99248538142131,55.02969716697524,Pigeonpeas
0,24,36,55,57.07522222449401,46.53419230886922,6.783794161387768,151.28691292921388,Pigeonpeas
0,28,62,57,20.297507845116783,67.60584009709562,2.508317846247025,83.3756965201948,Pigeonpeas
0,70,56,70,29.76212016088965,47.30991768681345,0.08638888670478628,184.50260386901581,Pigeonpeas
0,41,67,56,55.62819012649628,71.30621258923405,6.207949608583094,52.853058856811096,Pigeonpeas
0,0,0,0,23.885359404437004,60.19273409839043,6.071955417215034,134.2512098310408,Pigeonpeas
0,86,55,60,23.05400068031052,73.53591935114062,6.1772153099857805,3.1110134456599714,Pigeonpeas
0,93,84,33,24.477747555067463,2.8464499362792584,5.836574881638203,107.62658335296084,Pigeonpeas
0,66,38,68,20.87309172676712,74.6794704155748,7.108646519368414,2.3574534605966284,Pigeonpeas
0,64,34,26,27.88524306107846,48.7347345717383,9.796820321231374,174.92843434420558,Pigeonpeas
0,43,42,40,20.76736049971522,1.2258471104643498,5.649975368759799,166.9320756388302,Pigeonpeas
0,0,0,0,22.5036541577423,45.34082084888298,6.142576750098016,89.63840590573739,Pigeonpeas
0,80,64,97,51.9606975275723,77.69433189885413,6.280605766391993,99.82039975884838,Pigeonpeas
0,59,32,21,28.062784721644675,57.017023214904626,11.204916150974306,66.14337585095566,Pigeonpeas
0,61,60,56,25.479884925934265,72.01364411100948,5.7632838806023585,2.318142441132749,Pigeonpeas
0,71,33,27,58.173621898705505,46.47643800132707,5.651509092248944,108.34528896694229,Pigeonpeas
0,91,37,36,59.32000403917379,42.20483299347671,7.269542818409059,187.87928435375784,Pigeonpeas
0,49,32,39,29.696407450662893,49.920193902380205,6.4836249028994395,1.4182827942992848,Pigeonpeas
0,58,23,67,21.004176039669034,45.17155163337869,11.679078218733016,149.51554754312144,Pigeonpeas
0,0,0,0,25.536478716495417,62.37947643415701,5.987552255950467,76.84356403907776,Pigeonpeas
0,82,33,76,29.301725747862783,40.27279961718327,0.04000223216558446,149.36102715810256,Pigeonpeas
0,82,69,41,21.6485365488302,78.95576862963995,3.4590466390103325,56.94944853043016,Pigeonpeas
0,0,0,0,24.533207407784495,68.60500585334442,5.78263718562397,77.69503788181676,Pigeonpeas
0,0,0,0,26.52738320406739,49.92234149863801,5.546944982052725,170.27547069205355,Pigeonpeas
0,76,30,70,22.078831368367318,74.4039484212993,6.98959975796292,4.25656686760439,Pigeonpeas
0,61,33,41,29.696164454508526,68.14800080471775,6.47682746659044,4.403761177802249,Pigeonpeas
0,50,32,20,21.703949163470927,2.324954313694485,7.32199105455139,184.36529795911935,Pigeonpeas
0,98,43,88,-0.19625757999715354,60.48866505695081,6.831723383824543,82.71224384650324,Pigeonpeas
0,42,52,77,-3.721048258310245,73.94148983998585,5.894632751230945,159.9677249046157,Pigeonpeas
0,27,34,58,22.667432617475377,75.83595828884384,6.818006651582656,4.5951460283297845,Pigeonpeas
0,30,39,25,56.9400967669773,62.51404766386575,6.408199826199576,153.80338220845312,Pigeonpeas
0,79,25,67,22.521903466075727,59.848271397535356,0.19424278585442417,98.98309881897251,Pigeonpeas
0,33,50,22,25.257078893142015,7.220104925594462,7.262488929643464,68.53054196696928,Pigeonpeas
0,0,0,0,20.35189232180126,77.51430267097393,6.81477555916531,145.10311378602876,Pigeonpeas
0,48,60,35,52.753649505888674,77.54554713998272,6.610348849514837,183.22122122190677,Pigeonpeas
0,66,70,84,-6.815622811505928,55.64292209632899,6.119361194910182,58.609936257221044,Pigeonpeas
0,41,22,91,20.724687015830423,52.1515202995474,11.70621190857471,58.01572700224568,Pigeonpeas
0,46,88,52,-6.5320361467381645,59.85987261863053,6.43644681106999,92.94414146073231,Pigeonpeas
0,66,84,41,20.616909822345036,9.897285179093709,5.817517235033494,70.18273588319036,Pigeonpeas
0,66,87,88,51.81955484465345,66.31509956072645,6.374781642297824,81.94848946416553,Rice
0,60,75,90,23.854520224008773,54.20091462990806,0.07153785484404207,146.0108947631295,Rice
0,93,98,37,29.650767323024613,2.5275132508476417,6.102633385302813,67.90364844081833,Rice
0,98,82,66,21.630747673896966,46.38053529499868,6.495648763560052,1.1420786070084339,Rice
0,50,84,32,25.44464453719212,68.67677836357248,2.6746853647126954,187.43623564277564,Rice
0,0,0,0,25.22951290995037,77.62979558824894,6.402844985027851,156.70814328588523,Rice
0,29,95,32,59.39472935043565,51.76083858205792,6.385248771267898,115.3605079617582,Rice
0,64,83,65,29.639499002894336,42.62563106153571,11.422703690274469,118.64935238749443,Rice
0,0,0,0,27.029806089602275,58.83503660142187,6.562149554960987,96.90593583088956,Rice
0,0,0,0,29.50087295175201,68.56816064453163,7.189878884900118,185.51686027827827,Rice
0,54,84,80,4.971571692303986,64.13162236128407,7.313551424089587,81.41706554072397,Rice
0,0,0,0,23.18258363888894,64.24615322497345,5.817793054464967,101.75168063971257,Rice
0,33,40,81,-5.770875334923188,79.18727669802963,5.973954423774195,179.4044246737894,Rice
0,42,55,88,4.626541632843182,51.57118626569747,6.6921785562507745,90.06141497755917,Rice
0,88,69,34,26.363325116343315,50.332158355031524,3.3674104505439213,182.4595832542928,Rice
0,27,77,75,28.090095772614255,71.50498567113979,0.8744079385953785,122.94472891050344,Rice
0,0,0,0,23.947660444400384,57.15895939227609,6.334949300165404,163.01750668871748,Rice
0,37,30,24,22.360917878259862,73.72571933044725,7.056827819171705,1.8645795391300912,Rice
0,54,25,72,-4.935014266540364,68.7097250414966,6.339971395482162,136.3045610887122,Rice
0,89,78,69,26.371626168457205,4.311202536424426,5.795331074296891,123.4649725604447,Rice
0,96,76,45,27.617423296099428,2.8530205320518864,6.144446805262065,158.09498287974588,Rice
0,0,0,0,22.729420584808377,78.29410541545441,6.155939318171173,77.62274581085018,Rice
0,0,0,0,22.32001621160344,78.28013086477114,6.870015234954647,190.25975383790754,Rice
0,59,95,50,0.06727354574120703,75.4177229077362,7.323170029488935,112.74852706790094,Rice
0,23,32,76,-7.177090827308843,77.70622579741672,7.152695660240816,130.70597217141653,Rice
0,65,60,55,22.57590522637808,56.59702982411548,1.4555984622152478,183.48401644670122,Rice
0,24,85,55,22.962541175939606,0.19337008117876642,6.695609396869217,77.60000479048185,Rice
0,42,30,46,24.38244002729021,45.09077968036475,13.726709177467658,95.55086804351512,Rice
0,29,96,73,21.486286299210374,7.325183877929142,5.9420695722155905,117.87554189746015,Rice
0,32,65,98,55.841064277149705,63.722331327726096,5.780172381524589,90.20531778823178,Rice
0,51,38,92,-4.492806692998721,72.19270362493121,6.821623655808505,166.56321795642287,Rice
0,0,0,0,26.597021577676426,43.530944993219286,6.212637696767727,180.39010924577815,Rice
0,93,85,42,24.709739493330176,41.2643437758707,7.069876344275119,4.050400219162153,Rice
0,37,38,63,25.444991681526332,1.330750398217151,7.306951713039389,186.90671912841458,Rice
0,26,61,26,25.357507917566117,7.603476481328915,6.41380816699631,197.8555475268463,Rice
0,41,89,57,-3.711957035363106,44.38256537778467,7.332625180135361,91.63094887908986,Rice
0,59,87,64,27.26099944251799,78.11686667843277,11.189833986194165,107.4774952871792,Rice
0,98,80,41,28.471969521623443,58.927387055373046,6.2311995789775585,2.7257721724631607,Rice
0,99,30,83,-3.143470408123264,75.53513559719863,7.467604218802233,126.92257327752317,Rice
0,37,74,22,-6.835677210276341,62.367493460484596,6.955829329550259,110.2655151610082,Rice
0,48,26,21,-7.358782236719392,58.08615123235195,6.661115439539692,86.18718995318491,Rice
0,46,25,20,22.45297077120476,56.47079020939727,2.4397465212460676,157.09685920085002,Rice
0,0,0,0,23.19196814747478,71.3916468555718,7.0629861251512,158.41726532100031,Rice
0,36,58,20,20.892151433556425,9.630051329416144,5.531172880043046,141.0220945807415,Rice
0,66,53,33,53.87522836852407,42.47716349787231,6.433137517401522,89.01142895560884,Rice
0,84,42,64,27.878284396857968,53.21790929291525,10.956110580460425,182.73750783596725,Rice
0,64,55,95,21.14984503544633,48.54627016264962,2.3025995137287176,111.18323232012676,Rice
0,68,64,94,21.83234286829668,48.529141819835985,7.317446064510492,0.08528964568732811,Rice
0,70,54,43,23.3779169029364,59.55492282691952,12.835232689037278,102.46739588199347,Rice
0,65,99,79,28.663649291309742,44.23873078574208,2.8135893079864966,173.09540016449174,Rice
0,96,94,78,24.225606665689895,40.227387138335494,7.37109662436418,2.0992953903559446,Cotton
0,47,23,57,-5.312881117793193,70.57040092975319,6.228977969071616,84.01335375019943,Cotton
0,31,50,24,21.714501269763396,49.66404897479407,7.077701712800388,2.8534838306894916,Cotton
0,98,74,57,27.223555291480714,79.22757007714192,6.713638820720085,0.9423430270617705,Cotton
0,0,0,0,26.335169847001236,77.94685623528271,6.644875247661082,56.28429634055178,Cotton
0,0,0,0,21.029742226428432,79.64433389978032,5.948216102074962,112.76705542289886,Cotton
0,92,30,98,-9.877838371236837,53.39623353696438,6.759719871072083,151.23658116328374,Cotton
0,93,54,93,28.95485126268743,49.718171458826056,0.7382683828346561,170.0940483054586,Cotton
0,0,0,0,24.161868821278944,45.20583707602123,6.124729661185393,75.44583384761317,Cotton
0,45,42,45,21.284703681082007,6.248141077152894,7.073191010563049,101.1869529750212,Cotton
0,77,48,90,-0.3147890109411353,73.53972307486957,6.98679629286937,82.08111419603904,Cotton
0,32,38,58,-1.5955967269305216,53.190751955283915,5.695997625296242,152.5216580722024,Cotton
0,75,20,46,26.133836259308403,55.99253930239965,7.294779040311629,1.83756359794834,Cotton
0,0,0,0,20.54696316881109,71.44472528159255,6.161419188891454,126.18689496531863,Cotton
0,30,65,32,20.500592662148385,1.256542028650034,5.966077400948587,127.18417059047614,Cotton
0,88,35,81,20.8963912752549,51.48545221365473,1.613675723179246,138.71233985098604,Cotton
0,51,77,26,20.280234928091115,50.06170553848663,6.651943887978777,2.897071492012601,Cotton
0,63,34,26,55.65672149584015,51.20398898300158,7.023494446771471,163.77113232746854,Cotton
0,22,68,42,29.146316859370252,62.09137550041511,6.826131434666989,0.40491014250285395,Cotton
0,0,0,0,27.50592793325249,46.96002662432519,5.77099199858224,94.07464786220987,Cotton
0,94,83,31,24.732620073454314,40.447123371268134,5.574509562869277,0.4139370278906501,Cotton
0,0,0,0,29.25729005862118,77.92087499392366,6.679634717354877,136.50612380041088,Cotton
0,57,21,37,22.82835564339981,3.00360983554714,6.631162911503993,114.42147559450562,Cotton
0,75,33,42,25.50401136448547,6.226956108254081,6.175662340032302,79.430877490218,Cotton
0,90,71,82,20.97339549209703,46.7903272734773,1.4978700442487507,130.10183136326043,Cotton
0,0,0,0,20.925194757197588,62.98192112477125,5.844997078873932,185.09003415810395,Cotton
0,0,0,0,21.239861848391048,56.9661792681041,6.133571486870763,64.18739098259263,Cotton
0,88,53,32,-8.502229998477498,67.86016093742913,6.8476471059130315,182.8409599836476,Cotton
0,92,58,38,28.293997599226607,72.13883102884236,6.400207824101088,4.1014884085339105,Cotton
0,39,28,92,23.240434660282595,68.67616836712818,5.768537177940922,3.209681455534059,Cotton
0,93,56,74,56.18742197424876,71.77128356323298,6.003615005440607,142.73585418369845,Cotton
0,0,0,0,25.76223446623559,44.6663772106701,6.772642409817561,114.90247983127905,Cotton
0,78,31,30,24.259245514787533,68.42638322731246,11.117937712675763,100.11133968637208,Cotton
0,0,0,0,23.492998695700024,56.970170173126505,7.089162109600393,120.00417187453542,Cotton
0,56,24,25,23.433270772039876,44.661534764848625,5.716637829650979,3.5091983545369834,Cotton
0,21,28,25,27.19630172899496,44.234705713539235,1.0791660383586996,105.65958399972291,Cotton
0,0,0,0,23.921240663113405,59.92990827799777,5.6734187519332195,117.17894005389917,Cotton
0,94,60,74,27.423204809914836,58.84902742016596,5.8195911291683196,4.663032951010399,Cotton
0,75,73,20,59.879131989342184,44.15923497584997,5.9368320553264535,169.53216119685592,Cotton
0,0,0,0,29.87101416345691,66.59675417595858,7.374450245291169,153.88783955007796,Cotton
0,33,37,21,27.03903487754926,62.89254418436202,6.567541245669703,4.248095041180617,Cotton
0,59,80,22,-2.7907693788001273,66.03460424243491,7.140165856581305,92.03614735540722,Cotton
0,43,89,57,22.069325896473313,59.12528663725307,7.132936675378579,1.6499032296160117,Cotton
0,0,0,0,27.7827007524382,66.29883603361176,5.7864751151600835,125.58684260824428,Cotton
0,0,0,0,27.312057338373315,44.5155841298851,5.688625909461571,109.96040261588024,Cotton
0,78,65,23,1.705826508847812,53.79206988462748,7.388244827336295,125.45285354656457,Cotton
0,70,60,55,22.53253893219948,64.38936530854392,1.0293185319371778,72.32511544740679,Cotton
0,85,22,97,54.72200036310393,72.59874360381897,7.061911344722859,114.55213889590999,Cotton
0,44,70,83,-3.4758026819165817,72.08089610797303,5.96755033927589,153.21656979841595,Cotton
0,24,62,34,-9.733107055496976,54.87734270431782,6.916333500785834,99.78792285060706,Cotton
0,48,34,91,-0.8105197480077706,41.88114409676983,5.690442757125986,193.8990635106118,Watermelon
0,21,61,49,-8.108903748988032,65.84496799365127,6.113964538645202,196.6378282029807,Watermelon
0,80,87,97,26.178814104615746,7.774227454783028,5.902830784430652,118.18898709073058,Watermelon
0,22,32,20,20.913452812244056,70.99192146358064,7.239768355285217,0.6100596530419827,Watermelon
0,48,23,59,20.859830800515798,47.84147638034164,13.344545244294531,113.84517469059381,Watermelon
0,88,61,63,-2.6165874012854413,46.22478980655702,6.412626708775994,141.66336962509365,Watermelon
0,64,47,91,4.546937688171235,47.83931957294196,7.422589154194137,106.00879808231241,Watermelon
0,29,47,78,29.594197299145318,48.683376237385986,13.170755087993339,182.74625812796853,Watermelon
0,60,87,92,55.7162369414185,72.14216707165613,6.615455814586382,167.18311591219094,Watermelon
0,24,93,53,-7.497950874172112,54.744863752690435,6.649140530321144,167.84224757073147,Watermelon
0,94,97,29,23.415507014309124,47.39857413918057,12.951735337975496,103.8399130878102,Watermelon
0,0,0,0,27.74051656296997,73.9952356389772,6.8999655376007,129.80826073812523,Watermelon
0,47,68,20,23.265160838699835,44.32867943027563,5.9792952359654254,3.983428282608728,Watermelon
0,77,40,34,23.65176245947182,2.7100236518224454,6.864966978782452,135.61299006836413,Watermelon
0,83,89,42,23.05385874332525,8.06566487591238,7.346198779613956,147.20731743609605,Watermelon
0,88,55,38,27.851411015052197,77.73918285721767,9.582097022213267,178.38067179847442,Watermelon
0,42,89,23,22.77900160519678,0.777242721815834,6.517774336572757,96.08118735487997,Watermelon
0,79,59,61,57.56705746308016,78.67283265923713,6.133823631307719,107.00812992242308,Watermelon
0,57,93,21,25.607860595896412,48.05076166410471,6.055981985122133,0.8848545868406404,Watermelon
0,71,55,86,21.08727721494622,51.82283714007506,7.489296933310966,1.9303005818492758,Watermelon
0,82,48,81,54.397893028255815,51.11744721771737,5.597836026322678,115.69103952526204,Watermelon
0,33,40,36,28.325011935798468,65.62555607151285,9.736398098197778,142.874327099541,Watermelon
0,67,77,26,24.718282757961298,67.95807383763264,1.9378786671393438,134.1057317954308,Watermelon
0,26,34,72,51.78309946657131,72.97947741660997,7.0878236181894385,114.65451480963787,Watermelon
0,81,21,30,26.52230262467875,48.32987166807234,13.24187352598421,106.9736481776466,Watermelon
0,46,45,36,23.994931120409213,43.39189717928217,11.213655204828907,78.96254903465342,Watermelon
0,75,83,84,20.915613541800983,51.550121351659946,5.756617687002192,1.2802172078848968,Watermelon
0,63,54,97,29.94669369959891,79.03458584107243,13.081748190997176,65.79129778799219,Watermelon
0,72,53,88,21.634901088623405,64.112181094155,12.531886971424072,172.8587248724779,Watermelon
0,56,88,40,56.167228331128086,54.896166646164886,6.819164995786599,98.00665002263585,Watermelon
0,45,84,61,25.315016256833133,64.0809765728315,5.912079410433748,3.2392969154083238,Watermelon
0,57,48,75,21.70322637860046,7.701598949302159,6.443318378337811,78.4951063089113,Watermelon
0,58,50,26,24.933731598022916,55.102845958514365,9.805775903220503,169.07170417991574,Watermelon
0,53,50,33,20.719949077473306,79.3820325056147,11.895158226616793,136.45269966217316,Watermelon
0,76,75,22,50.06476159949827,55.880830898547416,6.5555023694230705,156.92370133689758,Watermelon
0,99,75,61,55.742380857064624,70.12361863605912,6.48990003714492,125.66397825830545,Watermelon
0,0,0,0,23.736002584414376,43.9250000497018,6.226371274640552,127.30905779607617,Watermelon
0,59,57,62,21.84942050983635,60.38134980809666,6.389319162405756,2.712768874994178,Watermelon
0,20,90,76,23.93268235076315,70.09922385395328,3.0034590524864946,95.30300982284831,Watermelon
0,0,0,0,20.28250721089153,61.69403357142837,6.415591221219509,59.281134704244025,Watermelon
0,30,52,34,23.23721667353448,77.73309317538116,5.696229054619231,3.257725311352313,Watermelon
0,84,86,91,56.32342887298471,46.79988366704256,6.879808968101493,139.5428541304077,Watermelon
0,63,27,36,26.75602474440842,76.91514884324857,0.5666115540883787,172.63641200661462,Watermelon
0,0,0,0,26.894993561785654,57.65783925787041,5.69909717390936,141.96445584379467,Watermelon
0,53,47,66,3.5593136392993507,55.332845783693486,7.082207475625148,107.14152872958782,Watermelon
0,98,55,25,24.67664711423958,56.54555306853295,12.004832080035392,52.437134109712,Watermelon
0,72,44,81,22.728274841196868,66.95033719762841,12.390671150775397,197.06599487061146,Watermelon
0,92,44,29,20.688344182508146,7.258537521874832,5.551205568833912,165.4248991523915,Watermelon
0,20,23,48,27.718339339823057,76.25988951331844,2.207753905521815,156.55569748698383,Watermelon
0,30,46,35,28.690504028388897,74.36386442688635,12.001171277910258,103.41275481021862,Watermelon
