Element,N,P,K,temperature,humidity,ph,rainfall,label
Production,20.8,134.22,199.89,22.6309424132,92.3333828756,5.929662931809999,112.654779275,Apples
Production,20.8,134.22,199.89,22.6309424132,92.3333828756,5.929662931809999,112.654779275,Apples
Production,20.8,134.22,199.89,22.6309424132,92.3333828756,5.929662931809999,112.654779275,Apples
Production,20.8,134.22,199.89,22.6309424132,92.3333828756,5.929662931809999,112.654779275,Apples
Production,20.8,134.22,199.89,22.6309424132,92.3333828756,5.929662931809999,112.654779275,Apples
Production,20.8,134.22,199.89,22.6309424132,92.3333828756,5.929662931809999,112.654779275,Apples
Production,20.8,134.22,199.89,22.6309424132,92.3333828756,5.929662931809999,112.654779275,Apples
Production,20.8,134.22,199.89,22.6309424132,92.3333828756,5.929662931809999,112.654779275,Apples
Production,20.8,134.22,199.89,22.6309424132,92.3333828756,5.929662931809999,112.654779275,Apples
Production,20.8,134.22,199.89,22.6309424132,92.3333828756,5.929662931809999,112.654779275,Apples
Production,20.8,134.22,199.89,22.6309424132,92.3333828756,5.929662931809999,112.654779275,Apples
Production,20.8,134.22,199.89,22.6309424132,92.3333828756,5.929662931809999,112.654779275,Apples
Production,20.8,134.22,199.89,22.6309424132,92.3333828756,5.929662931809999,112.654779275,Apples
Production,20.8,134.22,199.89,22.6309424132,92.3333828756,5.929662931809999,112.654779275,Apples
Production,20.8,134.22,199.89,22.6309424132,92.3333828756,5.929662931809999,112.654779275,Apples
Production,20.8,134.22,199.89,22.6309424132,92.3333828756,5.929662931809999,112.654779275,Apples
Production,20.8,134.22,199.89,22.6309424132,92.3333828756,5.929662931809999,112.654779275,Apples
Production,20.8,134.22,199.89,22.6309424132,92.3333828756,5.929662931809999,112.654779275,Apples
Production,20.8,134.22,199.89,22.6309424132,92.3333828756,5.929662931809999,112.654779275,Apples
Production,20.8,134.22,199.89,22.6309424132,92.3333828756,5.929662931809999,112.654779275,Apples
Production,20.8,134.22,199.89,22.6309424132,92.3333828756,5.929662931809999,112.654779275,Apples
Production,20.8,134.22,199.89,22.6309424132,92.3333828756,5.929662931809999,112.654779275,Apples
Production,20.8,134.22,199.89,22.6309424132,92.3333828756,5.929662931809999,112.654779275,Apples
Production,20.8,134.22,199.89,22.6309424132,92.3333828756,5.929662931809999,112.654779275,Apples
Production,100.23,82.01,50.05,27.3767983057,80.35812258109999,5.98389318024,104.6269804001,Bananas
Production,100.23,82.01,50.05,27.3767983057,80.35812258109999,5.98389318024,104.6269804001,Bananas
Production,100.23,82.01,50.05,27.3767983057,80.35812258109999,5.98389318024,104.6269804001,Bananas
Production,100.23,82.01,50.05,27.3767983057,80.35812258109999,5.98389318024,104.6269804001,Bananas
Production,100.23,82.01,50.05,27.3767983057,80.35812258109999,5.98389318024,104.6269804001,Bananas
Production,100.23,82.01,50.05,27.3767983057,80.35812258109999,5.98389318024,104.6269804001,Bananas
Production,100.23,82.01,50.05,27.3767983057,80.35812258109999,5.98389318024,104.6269804001,Bananas
Production,100.23,82.01,50.05,27.3767983057,80.35812258109999,5.98389318024,104.6269804001,Bananas
Production,100.23,82.01,50.05,27.3767983057,80.35812258109999,5.98389318024,104.6269804001,Bananas
Production,100.23,82.01,50.05,27.3767983057,80.35812258109999,5.98389318024,104.6269804001,Bananas
Production,100.23,82.01,50.05,27.3767983057,80.35812258109999,5.98389318024,104.6269804001,Bananas
Production,100.23,82.01,50.05,27.3767983057,80.35812258109999,5.98389318024,104.6269804001,Bananas
Production,100.23,82.01,50.05,27.3767983057,80.35812258109999,5.98389318024,104.6269804001,Bananas
Production,100.23,82.01,50.05,27.3767983057,80.35812258109999,5.98389318024,104.6269804001,Bananas
Production,100.23,82.01,50.05,27.3767983057,80.35812258109999,5.98389318024,104.6269804001,Bananas
Production,100.23,82.01,50.05,27.3767983057,80.35812258109999,5.98389318024,104.6269804001,Bananas
Production,100.23,82.01,50.05,27.3767983057,80.35812258109999,5.98389318024,104.6269804001,Bananas
Production,100.23,82.01,50.05,27.3767983057,80.35812258109999,5.98389318024,104.6269804001,Bananas
Production,100.23,82.01,50.05,27.3767983057,80.35812258109999,5.98389318024,104.6269804001,Bananas
Production,100.23,82.01,50.05,27.3767983057,80.35812258109999,5.98389318024,104.6269804001,Bananas
Production,100.23,82.01,50.05,27.3767983057,80.35812258109999,5.98389318024,104.6269804001,Bananas
Production,100.23,82.01,50.05,27.3767983057,80.35812258109999,5.98389318024,104.6269804001,Bananas
Production,100.23,82.01,50.05,27.3767983057,80.35812258109999,5.98389318024,104.6269804001,Bananas
Production,100.23,82.01,50.05,27.3767983057,80.35812258109999,5.98389318024,104.6269804001,Bananas
Production,21.44,48.01,20.23,28.1949204842,53.16041802790001,6.83117408269,51.198487045700006,"Beans, dry"
Production,21.44,48.01,20.23,28.1949204842,53.16041802790001,6.83117408269,51.198487045700006,"Beans, dry"
Production,21.44,48.01,20.23,28.1949204842,53.16041802790001,6.83117408269,51.198487045700006,"Beans, dry"
Production,21.44,48.01,20.23,28.1949204842,53.16041802790001,6.83117408269,51.198487045700006,"Beans, dry"
Production,21.44,48.01,20.23,28.1949204842,53.16041802790001,6.83117408269,51.198487045700006,"Beans, dry"
Production,21.44,48.01,20.23,28.1949204842,53.16041802790001,6.83117408269,51.198487045700006,"Beans, dry"
Production,21.44,48.01,20.23,28.1949204842,53.16041802790001,6.83117408269,51.198487045700006,"Beans, dry"
Production,21.44,48.01,20.23,28.1949204842,53.16041802790001,6.83117408269,51.198487045700006,"Beans, dry"
Production,21.44,48.01,20.23,28.1949204842,53.16041802790001,6.83117408269,51.198487045700006,"Beans, dry"
Production,21.44,48.01,20.23,28.1949204842,53.16041802790001,6.83117408269,51.198487045700006,"Beans, dry"
Production,21.44,48.01,20.23,28.1949204842,53.16041802790001,6.83117408269,51.198487045700006,"Beans, dry"
Production,21.44,48.01,20.23,28.1949204842,53.16041802790001,6.83117408269,51.198487045700006,"Beans, dry"
Production,21.44,48.01,20.23,28.1949204842,53.16041802790001,6.83117408269,51.198487045700006,"Beans, dry"
Production,21.44,48.01,20.23,28.1949204842,53.16041802790001,6.83117408269,51.198487045700006,"Beans, dry"
Production,21.44,48.01,20.23,28.1949204842,53.16041802790001,6.83117408269,51.198487045700006,"Beans, dry"
Production,21.44,48.01,20.23,28.1949204842,53.16041802790001,6.83117408269,51.198487045700006,"Beans, dry"
Production,21.44,48.01,20.23,28.1949204842,53.16041802790001,6.83117408269,51.198487045700006,"Beans, dry"
Production,21.44,48.01,20.23,28.1949204842,53.16041802790001,6.83117408269,51.198487045700006,"Beans, dry"
Production,21.44,48.01,20.23,28.1949204842,53.16041802790001,6.83117408269,51.198487045700006,"Beans, dry"
Production,21.44,48.01,20.23,28.1949204842,53.16041802790001,6.83117408269,51.198487045700006,"Beans, dry"
Production,21.44,48.01,20.23,28.1949204842,53.16041802790001,6.83117408269,51.198487045700006,"Beans, dry"
Production,21.44,48.01,20.23,28.1949204842,53.16041802790001,6.83117408269,51.198487045700006,"Beans, dry"
Production,21.44,48.01,20.23,28.1949204842,53.16041802790001,6.83117408269,51.198487045700006,"Beans, dry"
Production,21.44,48.01,20.23,28.1949204842,53.16041802790001,6.83117408269,51.198487045700006,"Beans, dry"
Production,100.32,17.72,50.08,28.663065756,92.34280196089999,6.35880545179,24.689952066,Cantaloupes and other melons
Production,100.32,17.72,50.08,28.663065756,92.34280196089999,6.35880545179,24.689952066,Cantaloupes and other melons
Production,100.32,17.72,50.08,28.663065756,92.34280196089999,6.35880545179,24.689952066,Cantaloupes and other melons
Production,100.32,17.72,50.08,28.663065756,92.34280196089999,6.35880545179,24.689952066,Cantaloupes and other melons
Production,100.32,17.72,50.08,28.663065756,92.34280196089999,6.35880545179,24.689952066,Cantaloupes and other melons
Production,100.32,17.72,50.08,28.663065756,92.34280196089999,6.35880545179,24.689952066,Cantaloupes and other melons
Production,100.32,17.72,50.08,28.663065756,92.34280196089999,6.35880545179,24.689952066,Cantaloupes and other melons
Production,100.32,17.72,50.08,28.663065756,92.34280196089999,6.35880545179,24.689952066,Cantaloupes and other melons
Production,100.32,17.72,50.08,28.663065756,92.34280196089999,6.35880545179,24.689952066,Cantaloupes and other melons
Production,100.32,17.72,50.08,28.663065756,92.34280196089999,6.35880545179,24.689952066,Cantaloupes and other melons
Production,100.32,17.72,50.08,28.663065756,92.34280196089999,6.35880545179,24.689952066,Cantaloupes and other melons
Production,100.32,17.72,50.08,28.663065756,92.34280196089999,6.35880545179,24.689952066,Cantaloupes and other melons
Production,100.32,17.72,50.08,28.663065756,92.34280196089999,6.35880545179,24.689952066,Cantaloupes and other melons
Production,100.32,17.72,50.08,28.663065756,92.34280196089999,6.35880545179,24.689952066,Cantaloupes and other melons
Production,100.32,17.72,50.08,28.663065756,92.34280196089999,6.35880545179,24.689952066,Cantaloupes and other melons
Production,100.32,17.72,50.08,28.663065756,92.34280196089999,6.35880545179,24.689952066,Cantaloupes and other melons
Production,100.32,17.72,50.08,28.663065756,92.34280196089999,6.35880545179,24.689952066,Cantaloupes and other melons
Production,100.32,17.72,50.08,28.663065756,92.34280196089999,6.35880545179,24.689952066,Cantaloupes and other melons
Production,100.32,17.72,50.08,28.663065756,92.34280196089999,6.35880545179,24.689952066,Cantaloupes and other melons
Production,100.32,17.72,50.08,28.663065756,92.34280196089999,6.35880545179,24.689952066,Cantaloupes and other melons
Production,100.32,17.72,50.08,28.663065756,92.34280196089999,6.35880545179,24.689952066,Cantaloupes and other melons
Production,100.32,17.72,50.08,28.663065756,92.34280196089999,6.35880545179,24.689952066,Cantaloupes and other melons
Production,100.32,17.72,50.08,28.663065756,92.34280196089999,6.35880545179,24.689952066,Cantaloupes and other melons
Production,100.32,17.72,50.08,28.663065756,92.34280196089999,6.35880545179,24.689952066,Cantaloupes and other melons
Production,40.09,67.79,79.92,18.8728467519,16.8604394237,7.33695662374,80.0589772605,"Chick peas, dry"
Production,40.09,67.79,79.92,18.8728467519,16.8604394237,7.33695662374,80.0589772605,"Chick peas, dry"
Production,40.09,67.79,79.92,18.8728467519,16.8604394237,7.33695662374,80.0589772605,"Chick peas, dry"
Production,40.09,67.79,79.92,18.8728467519,16.8604394237,7.33695662374,80.0589772605,"Chick peas, dry"
Production,40.09,67.79,79.92,18.8728467519,16.8604394237,7.33695662374,80.0589772605,"Chick peas, dry"
Production,40.09,67.79,79.92,18.8728467519,16.8604394237,7.33695662374,80.0589772605,"Chick peas, dry"
Production,40.09,67.79,79.92,18.8728467519,16.8604394237,7.33695662374,80.0589772605,"Chick peas, dry"
Production,40.09,67.79,79.92,18.8728467519,16.8604394237,7.33695662374,80.0589772605,"Chick peas, dry"
Production,40.09,67.79,79.92,18.8728467519,16.8604394237,7.33695662374,80.0589772605,"Chick peas, dry"
Production,40.09,67.79,79.92,18.8728467519,16.8604394237,7.33695662374,80.0589772605,"Chick peas, dry"
Production,40.09,67.79,79.92,18.8728467519,16.8604394237,7.33695662374,80.0589772605,"Chick peas, dry"
Production,40.09,67.79,79.92,18.8728467519,16.8604394237,7.33695662374,80.0589772605,"Chick peas, dry"
Production,40.09,67.79,79.92,18.8728467519,16.8604394237,7.33695662374,80.0589772605,"Chick peas, dry"
Production,40.09,67.79,79.92,18.8728467519,16.8604394237,7.33695662374,80.0589772605,"Chick peas, dry"
Production,40.09,67.79,79.92,18.8728467519,16.8604394237,7.33695662374,80.0589772605,"Chick peas, dry"
Production,40.09,67.79,79.92,18.8728467519,16.8604394237,7.33695662374,80.0589772605,"Chick peas, dry"
Production,40.09,67.79,79.92,18.8728467519,16.8604394237,7.33695662374,80.0589772605,"Chick peas, dry"
Production,40.09,67.79,79.92,18.8728467519,16.8604394237,7.33695662374,80.0589772605,"Chick peas, dry"
Production,40.09,67.79,79.92,18.8728467519,16.8604394237,7.33695662374,80.0589772605,"Chick peas, dry"
Production,40.09,67.79,79.92,18.8728467519,16.8604394237,7.33695662374,80.0589772605,"Chick peas, dry"
Production,40.09,67.79,79.92,18.8728467519,16.8604394237,7.33695662374,80.0589772605,"Chick peas, dry"
Production,40.09,67.79,79.92,18.8728467519,16.8604394237,7.33695662374,80.0589772605,"Chick peas, dry"
Production,40.09,67.79,79.92,18.8728467519,16.8604394237,7.33695662374,80.0589772605,"Chick peas, dry"
Production,40.09,67.79,79.92,18.8728467519,16.8604394237,7.33695662374,80.0589772605,"Chick peas, dry"
Production,21.98,16.93,30.59,27.4098921723,94.84427180610001,5.97656212619,175.686645804,"Coconuts, in shell"
Production,21.98,16.93,30.59,27.4098921723,94.84427180610001,5.97656212619,175.686645804,"Coconuts, in shell"
Production,21.98,16.93,30.59,27.4098921723,94.84427180610001,5.97656212619,175.686645804,"Coconuts, in shell"
Production,21.98,16.93,30.59,27.4098921723,94.84427180610001,5.97656212619,175.686645804,"Coconuts, in shell"
Production,21.98,16.93,30.59,27.4098921723,94.84427180610001,5.97656212619,175.686645804,"Coconuts, in shell"
Production,21.98,16.93,30.59,27.4098921723,94.84427180610001,5.97656212619,175.686645804,"Coconuts, in shell"
Production,21.98,16.93,30.59,27.4098921723,94.84427180610001,5.97656212619,175.686645804,"Coconuts, in shell"
Production,21.98,16.93,30.59,27.4098921723,94.84427180610001,5.97656212619,175.686645804,"Coconuts, in shell"
Production,21.98,16.93,30.59,27.4098921723,94.84427180610001,5.97656212619,175.686645804,"Coconuts, in shell"
Production,21.98,16.93,30.59,27.4098921723,94.84427180610001,5.97656212619,175.686645804,"Coconuts, in shell"
Production,21.98,16.93,30.59,27.4098921723,94.84427180610001,5.97656212619,175.686645804,"Coconuts, in shell"
Production,21.98,16.93,30.59,27.4098921723,94.84427180610001,5.97656212619,175.686645804,"Coconuts, in shell"
Production,21.98,16.93,30.59,27.4098921723,94.84427180610001,5.97656212619,175.686645804,"Coconuts, in shell"
Production,21.98,16.93,30.59,27.4098921723,94.84427180610001,5.97656212619,175.686645804,"Coconuts, in shell"
Production,21.98,16.93,30.59,27.4098921723,94.84427180610001,5.97656212619,175.686645804,"Coconuts, in shell"
Production,21.98,16.93,30.59,27.4098921723,94.84427180610001,5.97656212619,175.686645804,"Coconuts, in shell"
Production,21.98,16.93,30.59,27.4098921723,94.84427180610001,5.97656212619,175.686645804,"Coconuts, in shell"
Production,21.98,16.93,30.59,27.4098921723,94.84427180610001,5.97656212619,175.686645804,"Coconuts, in shell"
Production,21.98,16.93,30.59,27.4098921723,94.84427180610001,5.97656212619,175.686645804,"Coconuts, in shell"
Production,21.98,16.93,30.59,27.4098921723,94.84427180610001,5.97656212619,175.686645804,"Coconuts, in shell"
Production,21.98,16.93,30.59,27.4098921723,94.84427180610001,5.97656212619,175.686645804,"Coconuts, in shell"
Production,21.98,16.93,30.59,27.4098921723,94.84427180610001,5.97656212619,175.686645804,"Coconuts, in shell"
Production,21.98,16.93,30.59,27.4098921723,94.84427180610001,5.97656212619,175.686645804,"Coconuts, in shell"
Production,21.98,16.93,30.59,27.4098921723,94.84427180610001,5.97656212619,175.686645804,"Coconuts, in shell"
Production,101.2,28.74,29.94,25.5404768193,58.869846300300004,6.79030827457,158.066294882,"Coffee, green"
Production,101.2,28.74,29.94,25.5404768193,58.869846300300004,6.79030827457,158.066294882,"Coffee, green"
Production,101.2,28.74,29.94,25.5404768193,58.869846300300004,6.79030827457,158.066294882,"Coffee, green"
Production,101.2,28.74,29.94,25.5404768193,58.869846300300004,6.79030827457,158.066294882,"Coffee, green"
Production,101.2,28.74,29.94,25.5404768193,58.869846300300004,6.79030827457,158.066294882,"Coffee, green"
Production,101.2,28.74,29.94,25.5404768193,58.869846300300004,6.79030827457,158.066294882,"Coffee, green"
Production,101.2,28.74,29.94,25.5404768193,58.869846300300004,6.79030827457,158.066294882,"Coffee, green"
Production,101.2,28.74,29.94,25.5404768193,58.869846300300004,6.79030827457,158.066294882,"Coffee, green"
Production,101.2,28.74,29.94,25.5404768193,58.869846300300004,6.79030827457,158.066294882,"Coffee, green"
Production,101.2,28.74,29.94,25.5404768193,58.869846300300004,6.79030827457,158.066294882,"Coffee, green"
Production,101.2,28.74,29.94,25.5404768193,58.869846300300004,6.79030827457,158.066294882,"Coffee, green"
Production,101.2,28.74,29.94,25.5404768193,58.869846300300004,6.79030827457,158.066294882,"Coffee, green"
Production,101.2,28.74,29.94,25.5404768193,58.869846300300004,6.79030827457,158.066294882,"Coffee, green"
Production,101.2,28.74,29.94,25.5404768193,58.869846300300004,6.79030827457,158.066294882,"Coffee, green"
Production,101.2,28.74,29.94,25.5404768193,58.869846300300004,6.79030827457,158.066294882,"Coffee, green"
Production,101.2,28.74,29.94,25.5404768193,58.869846300300004,6.79030827457,158.066294882,"Coffee, green"
Production,101.2,28.74,29.94,25.5404768193,58.869846300300004,6.79030827457,158.066294882,"Coffee, green"
Production,101.2,28.74,29.94,25.5404768193,58.869846300300004,6.79030827457,158.066294882,"Coffee, green"
Production,101.2,28.74,29.94,25.5404768193,58.869846300300004,6.79030827457,158.066294882,"Coffee, green"
Production,101.2,28.74,29.94,25.5404768193,58.869846300300004,6.79030827457,158.066294882,"Coffee, green"
Production,101.2,28.74,29.94,25.5404768193,58.869846300300004,6.79030827457,158.066294882,"Coffee, green"
Production,101.2,28.74,29.94,25.5404768193,58.869846300300004,6.79030827457,158.066294882,"Coffee, green"
Production,101.2,28.74,29.94,25.5404768193,58.869846300300004,6.79030827457,158.066294882,"Coffee, green"
Production,101.2,28.74,29.94,25.5404768193,58.869846300300004,6.79030827457,158.066294882,"Coffee, green"
Production,23.18,132.53,200.11,23.849575120049998,81.8752275212,6.025936681099999,69.611828886,Grapes
Production,23.18,132.53,200.11,23.849575120049998,81.8752275212,6.025936681099999,69.611828886,Grapes
Production,23.18,132.53,200.11,23.849575120049998,81.8752275212,6.025936681099999,69.611828886,Grapes
Production,23.18,132.53,200.11,23.849575120049998,81.8752275212,6.025936681099999,69.611828886,Grapes
Production,23.18,132.53,200.11,23.849575120049998,81.8752275212,6.025936681099999,69.611828886,Grapes
Production,23.18,132.53,200.11,23.849575120049998,81.8752275212,6.025936681099999,69.611828886,Grapes
Production,23.18,132.53,200.11,23.849575120049998,81.8752275212,6.025936681099999,69.611828886,Grapes
Production,23.18,132.53,200.11,23.849575120049998,81.8752275212,6.025936681099999,69.611828886,Grapes
Production,23.18,132.53,200.11,23.849575120049998,81.8752275212,6.025936681099999,69.611828886,Grapes
Production,23.18,132.53,200.11,23.849575120049998,81.8752275212,6.025936681099999,69.611828886,Grapes
Production,23.18,132.53,200.11,23.849575120049998,81.8752275212,6.025936681099999,69.611828886,Grapes
Production,23.18,132.53,200.11,23.849575120049998,81.8752275212,6.025936681099999,69.611828886,Grapes
Production,23.18,132.53,200.11,23.849575120049998,81.8752275212,6.025936681099999,69.611828886,Grapes
Production,23.18,132.53,200.11,23.849575120049998,81.8752275212,6.025936681099999,69.611828886,Grapes
Production,23.18,132.53,200.11,23.849575120049998,81.8752275212,6.025936681099999,69.611828886,Grapes
Production,23.18,132.53,200.11,23.849575120049998,81.8752275212,6.025936681099999,69.611828886,Grapes
Production,23.18,132.53,200.11,23.849575120049998,81.8752275212,6.025936681099999,69.611828886,Grapes
Production,23.18,132.53,200.11,23.849575120049998,81.8752275212,6.025936681099999,69.611828886,Grapes
Production,23.18,132.53,200.11,23.849575120049998,81.8752275212,6.025936681099999,69.611828886,Grapes
Production,23.18,132.53,200.11,23.849575120049998,81.8752275212,6.025936681099999,69.611828886,Grapes
Production,23.18,132.53,200.11,23.849575120049998,81.8752275212,6.025936681099999,69.611828886,Grapes
Production,23.18,132.53,200.11,23.849575120049998,81.8752275212,6.025936681099999,69.611828886,Grapes
Production,23.18,132.53,200.11,23.849575120049998,81.8752275212,6.025936681099999,69.611828886,Grapes
Production,23.18,132.53,200.11,23.849575120049998,81.8752275212,6.025936681099999,69.611828886,Grapes
Production,78.4,46.86,39.99,24.9583758265,79.6398642063,6.7327775681699995,174.792797536,"Jute, raw or retted"
Production,78.4,46.86,39.99,24.9583758265,79.6398642063,6.7327775681699995,174.792797536,"Jute, raw or retted"
Production,78.4,46.86,39.99,24.9583758265,79.6398642063,6.7327775681699995,174.792797536,"Jute, raw or retted"
Production,78.4,46.86,39.99,24.9583758265,79.6398642063,6.7327775681699995,174.792797536,"Jute, raw or retted"
Production,78.4,46.86,39.99,24.9583758265,79.6398642063,6.7327775681699995,174.792797536,"Jute, raw or retted"
Production,78.4,46.86,39.99,24.9583758265,79.6398642063,6.7327775681699995,174.792797536,"Jute, raw or retted"
Production,78.4,46.86,39.99,24.9583758265,79.6398642063,6.7327775681699995,174.792797536,"Jute, raw or retted"
Production,78.4,46.86,39.99,24.9583758265,79.6398642063,6.7327775681699995,174.792797536,"Jute, raw or retted"
Production,78.4,46.86,39.99,24.9583758265,79.6398642063,6.7327775681699995,174.792797536,"Jute, raw or retted"
Production,78.4,46.86,39.99,24.9583758265,79.6398642063,6.7327775681699995,174.792797536,"Jute, raw or retted"
Production,78.4,46.86,39.99,24.9583758265,79.6398642063,6.7327775681699995,174.792797536,"Jute, raw or retted"
Production,78.4,46.86,39.99,24.9583758265,79.6398642063,6.7327775681699995,174.792797536,"Jute, raw or retted"
Production,78.4,46.86,39.99,24.9583758265,79.6398642063,6.7327775681699995,174.792797536,"Jute, raw or retted"
Production,78.4,46.86,39.99,24.9583758265,79.6398642063,6.7327775681699995,174.792797536,"Jute, raw or retted"
Production,78.4,46.86,39.99,24.9583758265,79.6398642063,6.7327775681699995,174.792797536,"Jute, raw or retted"
Production,78.4,46.86,39.99,24.9583758265,79.6398642063,6.7327775681699995,174.792797536,"Jute, raw or retted"
Production,78.4,46.86,39.99,24.9583758265,79.6398642063,6.7327775681699995,174.792797536,"Jute, raw or retted"
Production,78.4,46.86,39.99,24.9583758265,79.6398642063,6.7327775681699995,174.792797536,"Jute, raw or retted"
Production,78.4,46.86,39.99,24.9583758265,79.6398642063,6.7327775681699995,174.792797536,"Jute, raw or retted"
Production,78.4,46.86,39.99,24.9583758265,79.6398642063,6.7327775681699995,174.792797536,"Jute, raw or retted"
Production,78.4,46.86,39.99,24.9583758265,79.6398642063,6.7327775681699995,174.792797536,"Jute, raw or retted"
Production,78.4,46.86,39.99,24.9583758265,79.6398642063,6.7327775681699995,174.792797536,"Jute, raw or retted"
Production,78.4,46.86,39.99,24.9583758265,79.6398642063,6.7327775681699995,174.792797536,"Jute, raw or retted"
Production,78.4,46.86,39.99,24.9583758265,79.6398642063,6.7327775681699995,174.792797536,"Jute, raw or retted"
Production,18.77,68.36,19.41,24.509052402600002,64.8047846785,6.927931571609999,45.680454204,"Lentils, dry"
Production,18.77,68.36,19.41,24.509052402600002,64.8047846785,6.927931571609999,45.680454204,"Lentils, dry"
Production,18.77,68.36,19.41,24.509052402600002,64.8047846785,6.927931571609999,45.680454204,"Lentils, dry"
Production,18.77,68.36,19.41,24.509052402600002,64.8047846785,6.927931571609999,45.680454204,"Lentils, dry"
Production,18.77,68.36,19.41,24.509052402600002,64.8047846785,6.927931571609999,45.680454204,"Lentils, dry"
Production,18.77,68.36,19.41,24.509052402600002,64.8047846785,6.927931571609999,45.680454204,"Lentils, dry"
Production,18.77,68.36,19.41,24.509052402600002,64.8047846785,6.927931571609999,45.680454204,"Lentils, dry"
Production,18.77,68.36,19.41,24.509052402600002,64.8047846785,6.927931571609999,45.680454204,"Lentils, dry"
Production,18.77,68.36,19.41,24.509052402600002,64.8047846785,6.927931571609999,45.680454204,"Lentils, dry"
Production,18.77,68.36,19.41,24.509052402600002,64.8047846785,6.927931571609999,45.680454204,"Lentils, dry"
Production,18.77,68.36,19.41,24.509052402600002,64.8047846785,6.927931571609999,45.680454204,"Lentils, dry"
Production,18.77,68.36,19.41,24.509052402600002,64.8047846785,6.927931571609999,45.680454204,"Lentils, dry"
Production,18.77,68.36,19.41,24.509052402600002,64.8047846785,6.927931571609999,45.680454204,"Lentils, dry"
Production,18.77,68.36,19.41,24.509052402600002,64.8047846785,6.927931571609999,45.680454204,"Lentils, dry"
Production,18.77,68.36,19.41,24.509052402600002,64.8047846785,6.927931571609999,45.680454204,"Lentils, dry"
Production,18.77,68.36,19.41,24.509052402600002,64.8047846785,6.927931571609999,45.680454204,"Lentils, dry"
Production,18.77,68.36,19.41,24.509052402600002,64.8047846785,6.927931571609999,45.680454204,"Lentils, dry"
Production,18.77,68.36,19.41,24.509052402600002,64.8047846785,6.927931571609999,45.680454204,"Lentils, dry"
Production,18.77,68.36,19.41,24.509052402600002,64.8047846785,6.927931571609999,45.680454204,"Lentils, dry"
Production,18.77,68.36,19.41,24.509052402600002,64.8047846785,6.927931571609999,45.680454204,"Lentils, dry"
Production,18.77,68.36,19.41,24.509052402600002,64.8047846785,6.927931571609999,45.680454204,"Lentils, dry"
Production,18.77,68.36,19.41,24.509052402600002,64.8047846785,6.927931571609999,45.680454204,"Lentils, dry"
Production,18.77,68.36,19.41,24.509052402600002,64.8047846785,6.927931571609999,45.680454204,"Lentils, dry"
Production,18.77,68.36,19.41,24.509052402600002,64.8047846785,6.927931571609999,45.680454204,"Lentils, dry"
Production,77.76,48.44,19.79,22.3892039102,65.0922494467,6.2451897224,84.766987663,Maize (corn)
Production,77.76,48.44,19.79,22.3892039102,65.0922494467,6.2451897224,84.766987663,Maize (corn)
Production,77.76,48.44,19.79,22.3892039102,65.0922494467,6.2451897224,84.766987663,Maize (corn)
Production,77.76,48.44,19.79,22.3892039102,65.0922494467,6.2451897224,84.766987663,Maize (corn)
Production,77.76,48.44,19.79,22.3892039102,65.0922494467,6.2451897224,84.766987663,Maize (corn)
Production,77.76,48.44,19.79,22.3892039102,65.0922494467,6.2451897224,84.766987663,Maize (corn)
Production,77.76,48.44,19.79,22.3892039102,65.0922494467,6.2451897224,84.766987663,Maize (corn)
Production,77.76,48.44,19.79,22.3892039102,65.0922494467,6.2451897224,84.766987663,Maize (corn)
Production,77.76,48.44,19.79,22.3892039102,65.0922494467,6.2451897224,84.766987663,Maize (corn)
Production,77.76,48.44,19.79,22.3892039102,65.0922494467,6.2451897224,84.766987663,Maize (corn)
Production,77.76,48.44,19.79,22.3892039102,65.0922494467,6.2451897224,84.766987663,Maize (corn)
Production,77.76,48.44,19.79,22.3892039102,65.0922494467,6.2451897224,84.766987663,Maize (corn)
Production,77.76,48.44,19.79,22.3892039102,65.0922494467,6.2451897224,84.766987663,Maize (corn)
Production,77.76,48.44,19.79,22.3892039102,65.0922494467,6.2451897224,84.766987663,Maize (corn)
Production,77.76,48.44,19.79,22.3892039102,65.0922494467,6.2451897224,84.766987663,Maize (corn)
Production,77.76,48.44,19.79,22.3892039102,65.0922494467,6.2451897224,84.766987663,Maize (corn)
Production,77.76,48.44,19.79,22.3892039102,65.0922494467,6.2451897224,84.766987663,Maize (corn)
Production,77.76,48.44,19.79,22.3892039102,65.0922494467,6.2451897224,84.766987663,Maize (corn)
Production,77.76,48.44,19.79,22.3892039102,65.0922494467,6.2451897224,84.766987663,Maize (corn)
Production,77.76,48.44,19.79,22.3892039102,65.0922494467,6.2451897224,84.766987663,Maize (corn)
Production,77.76,48.44,19.79,22.3892039102,65.0922494467,6.2451897224,84.766987663,Maize (corn)
Production,77.76,48.44,19.79,22.3892039102,65.0922494467,6.2451897224,84.766987663,Maize (corn)
Production,77.76,48.44,19.79,22.3892039102,65.0922494467,6.2451897224,84.766987663,Maize (corn)
Production,77.76,48.44,19.79,22.3892039102,65.0922494467,6.2451897224,84.766987663,Maize (corn)
Production,20.07,27.18,29.92,31.2087701513,50.1565726953,5.766372799660001,94.70451504479999,"Mangoes, guavas and mangosteens"
Production,20.07,27.18,29.92,31.2087701513,50.1565726953,5.766372799660001,94.70451504479999,"Mangoes, guavas and mangosteens"
Production,20.07,27.18,29.92,31.2087701513,50.1565726953,5.766372799660001,94.70451504479999,"Mangoes, guavas and mangosteens"
Production,20.07,27.18,29.92,31.2087701513,50.1565726953,5.766372799660001,94.70451504479999,"Mangoes, guavas and mangosteens"
Production,20.07,27.18,29.92,31.2087701513,50.1565726953,5.766372799660001,94.70451504479999,"Mangoes, guavas and mangosteens"
Production,20.07,27.18,29.92,31.2087701513,50.1565726953,5.766372799660001,94.70451504479999,"Mangoes, guavas and mangosteens"
Production,20.07,27.18,29.92,31.2087701513,50.1565726953,5.766372799660001,94.70451504479999,"Mangoes, guavas and mangosteens"
Production,20.07,27.18,29.92,31.2087701513,50.1565726953,5.766372799660001,94.70451504479999,"Mangoes, guavas and mangosteens"
Production,20.07,27.18,29.92,31.2087701513,50.1565726953,5.766372799660001,94.70451504479999,"Mangoes, guavas and mangosteens"
Production,20.07,27.18,29.92,31.2087701513,50.1565726953,5.766372799660001,94.70451504479999,"Mangoes, guavas and mangosteens"
Production,20.07,27.18,29.92,31.2087701513,50.1565726953,5.766372799660001,94.70451504479999,"Mangoes, guavas and mangosteens"
Production,20.07,27.18,29.92,31.2087701513,50.1565726953,5.766372799660001,94.70451504479999,"Mangoes, guavas and mangosteens"
Production,20.07,27.18,29.92,31.2087701513,50.1565726953,5.766372799660001,94.70451504479999,"Mangoes, guavas and mangosteens"
Production,20.07,27.18,29.92,31.2087701513,50.1565726953,5.766372799660001,94.70451504479999,"Mangoes, guavas and mangosteens"
Production,20.07,27.18,29.92,31.2087701513,50.1565726953,5.766372799660001,94.70451504479999,"Mangoes, guavas and mangosteens"
Production,20.07,27.18,29.92,31.2087701513,50.1565726953,5.766372799660001,94.70451504479999,"Mangoes, guavas and mangosteens"
Production,20.07,27.18,29.92,31.2087701513,50.1565726953,5.766372799660001,94.70451504479999,"Mangoes, guavas and mangosteens"
Production,20.07,27.18,29.92,31.2087701513,50.1565726953,5.766372799660001,94.70451504479999,"Mangoes, guavas and mangosteens"
Production,20.07,27.18,29.92,31.2087701513,50.1565726953,5.766372799660001,94.70451504479999,"Mangoes, guavas and mangosteens"
Production,20.07,27.18,29.92,31.2087701513,50.1565726953,5.766372799660001,94.70451504479999,"Mangoes, guavas and mangosteens"
Production,20.07,27.18,29.92,31.2087701513,50.1565726953,5.766372799660001,94.70451504479999,"Mangoes, guavas and mangosteens"
Production,20.07,27.18,29.92,31.2087701513,50.1565726953,5.766372799660001,94.70451504479999,"Mangoes, guavas and mangosteens"
Production,20.07,27.18,29.92,31.2087701513,50.1565726953,5.766372799660001,94.70451504479999,"Mangoes, guavas and mangosteens"
Production,20.07,27.18,29.92,31.2087701513,50.1565726953,5.766372799660001,94.70451504479999,"Mangoes, guavas and mangosteens"
Production,19.58,16.55,10.01,22.7657254967,92.17020876340001,7.01695745276,110.47496871999999,Oranges
Production,19.58,16.55,10.01,22.7657254967,92.17020876340001,7.01695745276,110.47496871999999,Oranges
Production,19.58,16.55,10.01,22.7657254967,92.17020876340001,7.01695745276,110.47496871999999,Oranges
Production,19.58,16.55,10.01,22.7657254967,92.17020876340001,7.01695745276,110.47496871999999,Oranges
Production,19.58,16.55,10.01,22.7657254967,92.17020876340001,7.01695745276,110.47496871999999,Oranges
Production,19.58,16.55,10.01,22.7657254967,92.17020876340001,7.01695745276,110.47496871999999,Oranges
Production,19.58,16.55,10.01,22.7657254967,92.17020876340001,7.01695745276,110.47496871999999,Oranges
Production,19.58,16.55,10.01,22.7657254967,92.17020876340001,7.01695745276,110.47496871999999,Oranges
Production,19.58,16.55,10.01,22.7657254967,92.17020876340001,7.01695745276,110.47496871999999,Oranges
Production,19.58,16.55,10.01,22.7657254967,92.17020876340001,7.01695745276,110.47496871999999,Oranges
Production,19.58,16.55,10.01,22.7657254967,92.17020876340001,7.01695745276,110.47496871999999,Oranges
Production,19.58,16.55,10.01,22.7657254967,92.17020876340001,7.01695745276,110.47496871999999,Oranges
Production,19.58,16.55,10.01,22.7657254967,92.17020876340001,7.01695745276,110.47496871999999,Oranges
Production,19.58,16.55,10.01,22.7657254967,92.17020876340001,7.01695745276,110.47496871999999,Oranges
Production,19.58,16.55,10.01,22.7657254967,92.17020876340001,7.01695745276,110.47496871999999,Oranges
Production,19.58,16.55,10.01,22.7657254967,92.17020876340001,7.01695745276,110.47496871999999,Oranges
Production,19.58,16.55,10.01,22.7657254967,92.17020876340001,7.01695745276,110.47496871999999,Oranges
Production,19.58,16.55,10.01,22.7657254967,92.17020876340001,7.01695745276,110.47496871999999,Oranges
Production,19.58,16.55,10.01,22.7657254967,92.17020876340001,7.01695745276,110.47496871999999,Oranges
Production,19.58,16.55,10.01,22.7657254967,92.17020876340001,7.01695745276,110.47496871999999,Oranges
Production,19.58,16.55,10.01,22.7657254967,92.17020876340001,7.01695745276,110.47496871999999,Oranges
Production,19.58,16.55,10.01,22.7657254967,92.17020876340001,7.01695745276,110.47496871999999,Oranges
Production,19.58,16.55,10.01,22.7657254967,92.17020876340001,7.01695745276,110.47496871999999,Oranges
Production,19.58,16.55,10.01,22.7657254967,92.17020876340001,7.01695745276,110.47496871999999,Oranges
Production,49.88,59.05,50.04,33.7238587388,92.4033876826,6.74144237274,142.6278388629,Papayas
Production,49.88,59.05,50.04,33.7238587388,92.4033876826,6.74144237274,142.6278388629,Papayas
Production,49.88,59.05,50.04,33.7238587388,92.4033876826,6.74144237274,142.6278388629,Papayas
Production,49.88,59.05,50.04,33.7238587388,92.4033876826,6.74144237274,142.6278388629,Papayas
Production,49.88,59.05,50.04,33.7238587388,92.4033876826,6.74144237274,142.6278388629,Papayas
Production,49.88,59.05,50.04,33.7238587388,92.4033876826,6.74144237274,142.6278388629,Papayas
Production,49.88,59.05,50.04,33.7238587388,92.4033876826,6.74144237274,142.6278388629,Papayas
Production,49.88,59.05,50.04,33.7238587388,92.4033876826,6.74144237274,142.6278388629,Papayas
Production,49.88,59.05,50.04,33.7238587388,92.4033876826,6.74144237274,142.6278388629,Papayas
Production,49.88,59.05,50.04,33.7238587388,92.4033876826,6.74144237274,142.6278388629,Papayas
Production,49.88,59.05,50.04,33.7238587388,92.4033876826,6.74144237274,142.6278388629,Papayas
Production,49.88,59.05,50.04,33.7238587388,92.4033876826,6.74144237274,142.6278388629,Papayas
Production,49.88,59.05,50.04,33.7238587388,92.4033876826,6.74144237274,142.6278388629,Papayas
Production,49.88,59.05,50.04,33.7238587388,92.4033876826,6.74144237274,142.6278388629,Papayas
Production,49.88,59.05,50.04,33.7238587388,92.4033876826,6.74144237274,142.6278388629,Papayas
Production,49.88,59.05,50.04,33.7238587388,92.4033876826,6.74144237274,142.6278388629,Papayas
Production,49.88,59.05,50.04,33.7238587388,92.4033876826,6.74144237274,142.6278388629,Papayas
Production,49.88,59.05,50.04,33.7238587388,92.4033876826,6.74144237274,142.6278388629,Papayas
Production,49.88,59.05,50.04,33.7238587388,92.4033876826,6.74144237274,142.6278388629,Papayas
Production,49.88,59.05,50.04,33.7238587388,92.4033876826,6.74144237274,142.6278388629,Papayas
Production,49.88,59.05,50.04,33.7238587388,92.4033876826,6.74144237274,142.6278388629,Papayas
Production,49.88,59.05,50.04,33.7238587388,92.4033876826,6.74144237274,142.6278388629,Papayas
Production,49.88,59.05,50.04,33.7238587388,92.4033876826,6.74144237274,142.6278388629,Papayas
Production,49.88,59.05,50.04,33.7238587388,92.4033876826,6.74144237274,142.6278388629,Papayas
Production,20.73,67.73,20.29,27.7417622259,48.0616330847,5.794174879790001,149.4575638135,"Pigeon peas, dry"
Production,20.73,67.73,20.29,27.7417622259,48.0616330847,5.794174879790001,149.4575638135,"Pigeon peas, dry"
Production,20.73,67.73,20.29,27.7417622259,48.0616330847,5.794174879790001,149.4575638135,"Pigeon peas, dry"
Production,20.73,67.73,20.29,27.7417622259,48.0616330847,5.794174879790001,149.4575638135,"Pigeon peas, dry"
Production,20.73,67.73,20.29,27.7417622259,48.0616330847,5.794174879790001,149.4575638135,"Pigeon peas, dry"
Production,20.73,67.73,20.29,27.7417622259,48.0616330847,5.794174879790001,149.4575638135,"Pigeon peas, dry"
Production,20.73,67.73,20.29,27.7417622259,48.0616330847,5.794174879790001,149.4575638135,"Pigeon peas, dry"
Production,20.73,67.73,20.29,27.7417622259,48.0616330847,5.794174879790001,149.4575638135,"Pigeon peas, dry"
Production,20.73,67.73,20.29,27.7417622259,48.0616330847,5.794174879790001,149.4575638135,"Pigeon peas, dry"
Production,20.73,67.73,20.29,27.7417622259,48.0616330847,5.794174879790001,149.4575638135,"Pigeon peas, dry"
Production,20.73,67.73,20.29,27.7417622259,48.0616330847,5.794174879790001,149.4575638135,"Pigeon peas, dry"
Production,20.73,67.73,20.29,27.7417622259,48.0616330847,5.794174879790001,149.4575638135,"Pigeon peas, dry"
Production,20.73,67.73,20.29,27.7417622259,48.0616330847,5.794174879790001,149.4575638135,"Pigeon peas, dry"
Production,20.73,67.73,20.29,27.7417622259,48.0616330847,5.794174879790001,149.4575638135,"Pigeon peas, dry"
Production,20.73,67.73,20.29,27.7417622259,48.0616330847,5.794174879790001,149.4575638135,"Pigeon peas, dry"
Production,20.73,67.73,20.29,27.7417622259,48.0616330847,5.794174879790001,149.4575638135,"Pigeon peas, dry"
Production,20.73,67.73,20.29,27.7417622259,48.0616330847,5.794174879790001,149.4575638135,"Pigeon peas, dry"
Production,20.73,67.73,20.29,27.7417622259,48.0616330847,5.794174879790001,149.4575638135,"Pigeon peas, dry"
Production,20.73,67.73,20.29,27.7417622259,48.0616330847,5.794174879790001,149.4575638135,"Pigeon peas, dry"
Production,20.73,67.73,20.29,27.7417622259,48.0616330847,5.794174879790001,149.4575638135,"Pigeon peas, dry"
Production,20.73,67.73,20.29,27.7417622259,48.0616330847,5.794174879790001,149.4575638135,"Pigeon peas, dry"
Production,20.73,67.73,20.29,27.7417622259,48.0616330847,5.794174879790001,149.4575638135,"Pigeon peas, dry"
Production,20.73,67.73,20.29,27.7417622259,48.0616330847,5.794174879790001,149.4575638135,"Pigeon peas, dry"
Production,20.73,67.73,20.29,27.7417622259,48.0616330847,5.794174879790001,149.4575638135,"Pigeon peas, dry"
Production,79.89,47.58,39.87,23.6893322105,82.2728215389,6.425470922140001,236.18111359399998,Rice
Production,79.89,47.58,39.87,23.6893322105,82.2728215389,6.425470922140001,236.18111359399998,Rice
Production,79.89,47.58,39.87,23.6893322105,82.2728215389,6.425470922140001,236.18111359399998,Rice
Production,79.89,47.58,39.87,23.6893322105,82.2728215389,6.425470922140001,236.18111359399998,Rice
Production,79.89,47.58,39.87,23.6893322105,82.2728215389,6.425470922140001,236.18111359399998,Rice
Production,79.89,47.58,39.87,23.6893322105,82.2728215389,6.425470922140001,236.18111359399998,Rice
Production,79.89,47.58,39.87,23.6893322105,82.2728215389,6.425470922140001,236.18111359399998,Rice
Production,79.89,47.58,39.87,23.6893322105,82.2728215389,6.425470922140001,236.18111359399998,Rice
Production,79.89,47.58,39.87,23.6893322105,82.2728215389,6.425470922140001,236.18111359399998,Rice
Production,79.89,47.58,39.87,23.6893322105,82.2728215389,6.425470922140001,236.18111359399998,Rice
Production,79.89,47.58,39.87,23.6893322105,82.2728215389,6.425470922140001,236.18111359399998,Rice
Production,79.89,47.58,39.87,23.6893322105,82.2728215389,6.425470922140001,236.18111359399998,Rice
Production,79.89,47.58,39.87,23.6893322105,82.2728215389,6.425470922140001,236.18111359399998,Rice
Production,79.89,47.58,39.87,23.6893322105,82.2728215389,6.425470922140001,236.18111359399998,Rice
Production,79.89,47.58,39.87,23.6893322105,82.2728215389,6.425470922140001,236.18111359399998,Rice
Production,79.89,47.58,39.87,23.6893322105,82.2728215389,6.425470922140001,236.18111359399998,Rice
Production,79.89,47.58,39.87,23.6893322105,82.2728215389,6.425470922140001,236.18111359399998,Rice
Production,79.89,47.58,39.87,23.6893322105,82.2728215389,6.425470922140001,236.18111359399998,Rice
Production,79.89,47.58,39.87,23.6893322105,82.2728215389,6.425470922140001,236.18111359399998,Rice
Production,79.89,47.58,39.87,23.6893322105,82.2728215389,6.425470922140001,236.18111359399998,Rice
Production,79.89,47.58,39.87,23.6893322105,82.2728215389,6.425470922140001,236.18111359399998,Rice
Production,79.89,47.58,39.87,23.6893322105,82.2728215389,6.425470922140001,236.18111359399998,Rice
Production,79.89,47.58,39.87,23.6893322105,82.2728215389,6.425470922140001,236.18111359399998,Rice
Production,79.89,47.58,39.87,23.6893322105,82.2728215389,6.425470922140001,236.18111359399998,Rice
Production,117.77,46.24,19.56,23.988957895200002,79.8434742538,6.91267549578,80.3980431193,"Seed cotton, unginned"
Production,117.77,46.24,19.56,23.988957895200002,79.8434742538,6.91267549578,80.3980431193,"Seed cotton, unginned"
Production,117.77,46.24,19.56,23.988957895200002,79.8434742538,6.91267549578,80.3980431193,"Seed cotton, unginned"
Production,117.77,46.24,19.56,23.988957895200002,79.8434742538,6.91267549578,80.3980431193,"Seed cotton, unginned"
Production,117.77,46.24,19.56,23.988957895200002,79.8434742538,6.91267549578,80.3980431193,"Seed cotton, unginned"
Production,117.77,46.24,19.56,23.988957895200002,79.8434742538,6.91267549578,80.3980431193,"Seed cotton, unginned"
Production,117.77,46.24,19.56,23.988957895200002,79.8434742538,6.91267549578,80.3980431193,"Seed cotton, unginned"
Production,117.77,46.24,19.56,23.988957895200002,79.8434742538,6.91267549578,80.3980431193,"Seed cotton, unginned"
Production,117.77,46.24,19.56,23.988957895200002,79.8434742538,6.91267549578,80.3980431193,"Seed cotton, unginned"
Production,117.77,46.24,19.56,23.988957895200002,79.8434742538,6.91267549578,80.3980431193,"Seed cotton, unginned"
Production,117.77,46.24,19.56,23.988957895200002,79.8434742538,6.91267549578,80.3980431193,"Seed cotton, unginned"
Production,117.77,46.24,19.56,23.988957895200002,79.8434742538,6.91267549578,80.3980431193,"Seed cotton, unginned"
Production,117.77,46.24,19.56,23.988957895200002,79.8434742538,6.91267549578,80.3980431193,"Seed cotton, unginned"
Production,117.77,46.24,19.56,23.988957895200002,79.8434742538,6.91267549578,80.3980431193,"Seed cotton, unginned"
Production,117.77,46.24,19.56,23.988957895200002,79.8434742538,6.91267549578,80.3980431193,"Seed cotton, unginned"
Production,117.77,46.24,19.56,23.988957895200002,79.8434742538,6.91267549578,80.3980431193,"Seed cotton, unginned"
Production,117.77,46.24,19.56,23.988957895200002,79.8434742538,6.91267549578,80.3980431193,"Seed cotton, unginned"
Production,117.77,46.24,19.56,23.988957895200002,79.8434742538,6.91267549578,80.3980431193,"Seed cotton, unginned"
Production,117.77,46.24,19.56,23.988957895200002,79.8434742538,6.91267549578,80.3980431193,"Seed cotton, unginned"
Production,117.77,46.24,19.56,23.988957895200002,79.8434742538,6.91267549578,80.3980431193,"Seed cotton, unginned"
Production,117.77,46.24,19.56,23.988957895200002,79.8434742538,6.91267549578,80.3980431193,"Seed cotton, unginned"
Production,117.77,46.24,19.56,23.988957895200002,79.8434742538,6.91267549578,80.3980431193,"Seed cotton, unginned"
Production,117.77,46.24,19.56,23.988957895200002,79.8434742538,6.91267549578,80.3980431193,"Seed cotton, unginned"
Production,117.77,46.24,19.56,23.988957895200002,79.8434742538,6.91267549578,80.3980431193,"Seed cotton, unginned"
Production,99.5050505050505,16.92929292929293,50.17171717171717,25.584910178484847,85.18126852676768,6.498169127010101,50.826803227272734,Watermelons
Production,99.5050505050505,16.92929292929293,50.17171717171717,25.584910178484847,85.18126852676768,6.498169127010101,50.826803227272734,Watermelons
Production,99.5050505050505,16.92929292929293,50.17171717171717,25.584910178484847,85.18126852676768,6.498169127010101,50.826803227272734,Watermelons
Production,99.5050505050505,16.92929292929293,50.17171717171717,25.584910178484847,85.18126852676768,6.498169127010101,50.826803227272734,Watermelons
Production,99.5050505050505,16.92929292929293,50.17171717171717,25.584910178484847,85.18126852676768,6.498169127010101,50.826803227272734,Watermelons
Production,99.5050505050505,16.92929292929293,50.17171717171717,25.584910178484847,85.18126852676768,6.498169127010101,50.826803227272734,Watermelons
Production,99.5050505050505,16.92929292929293,50.17171717171717,25.584910178484847,85.18126852676768,6.498169127010101,50.826803227272734,Watermelons
Production,99.5050505050505,16.92929292929293,50.17171717171717,25.584910178484847,85.18126852676768,6.498169127010101,50.826803227272734,Watermelons
Production,99.5050505050505,16.92929292929293,50.17171717171717,25.584910178484847,85.18126852676768,6.498169127010101,50.826803227272734,Watermelons
Production,99.5050505050505,16.92929292929293,50.17171717171717,25.584910178484847,85.18126852676768,6.498169127010101,50.826803227272734,Watermelons
Production,99.5050505050505,16.92929292929293,50.17171717171717,25.584910178484847,85.18126852676768,6.498169127010101,50.826803227272734,Watermelons
Production,99.5050505050505,16.92929292929293,50.17171717171717,25.584910178484847,85.18126852676768,6.498169127010101,50.826803227272734,Watermelons
Production,99.5050505050505,16.92929292929293,50.17171717171717,25.584910178484847,85.18126852676768,6.498169127010101,50.826803227272734,Watermelons
Production,99.5050505050505,16.92929292929293,50.17171717171717,25.584910178484847,85.18126852676768,6.498169127010101,50.826803227272734,Watermelons
Production,99.5050505050505,16.92929292929293,50.17171717171717,25.584910178484847,85.18126852676768,6.498169127010101,50.826803227272734,Watermelons
Production,99.5050505050505,16.92929292929293,50.17171717171717,25.584910178484847,85.18126852676768,6.498169127010101,50.826803227272734,Watermelons
Production,99.5050505050505,16.92929292929293,50.17171717171717,25.584910178484847,85.18126852676768,6.498169127010101,50.826803227272734,Watermelons
Production,99.5050505050505,16.92929292929293,50.17171717171717,25.584910178484847,85.18126852676768,6.498169127010101,50.826803227272734,Watermelons
Production,99.5050505050505,16.92929292929293,50.17171717171717,25.584910178484847,85.18126852676768,6.498169127010101,50.826803227272734,Watermelons
Production,99.5050505050505,16.92929292929293,50.17171717171717,25.584910178484847,85.18126852676768,6.498169127010101,50.826803227272734,Watermelons
Production,99.5050505050505,16.92929292929293,50.17171717171717,25.584910178484847,85.18126852676768,6.498169127010101,50.826803227272734,Watermelons
Production,99.5050505050505,16.92929292929293,50.17171717171717,25.584910178484847,85.18126852676768,6.498169127010101,50.826803227272734,Watermelons
Production,99.5050505050505,16.92929292929293,50.17171717171717,25.584910178484847,85.18126852676768,6.498169127010101,50.826803227272734,Watermelons
Production,99.5050505050505,16.92929292929293,50.17171717171717,25.584910178484847,85.18126852676768,6.498169127010101,50.826803227272734,Watermelons
